EPC,Article,Fixture
D184E08B02A3379320610CBAFE0B322ECFAC93FA,356A192B7913B04C54574D18C28D46E6395428AB,1
F659A083697731BFAD55D451B535A9FC9AF75EAC,356A192B7913B04C54574D18C28D46E6395428AB,1
2A53CF2E50EC7C2E492F3BD5F9FF03FBDAF7B558,356A192B7913B04C54574D18C28D46E6395428AB,1
414A57C787069F4B8E16040A3289B1AFABF62549,356A192B7913B04C54574D18C28D46E6395428AB,1
3FC16897980CCF26EDC7E3774189559CB169F2A5,356A192B7913B04C54574D18C28D46E6395428AB,1
64B424B67CB4278414FC90A6ED5321C8C400A66C,356A192B7913B04C54574D18C28D46E6395428AB,1
432866569576A1698FB4D8DCC028CF9168D11445,356A192B7913B04C54574D18C28D46E6395428AB,1
F787400BDA4ECA9058FB8A5862E8A4ABD2658527,356A192B7913B04C54574D18C28D46E6395428AB,1
C74901A6322E6030DDB0C3BCD4D6F1F8E8F09B05,356A192B7913B04C54574D18C28D46E6395428AB,1
0B742D432855128AC6A3AC412E6A95529CF70A2B,356A192B7913B04C54574D18C28D46E6395428AB,1
C6B81F66A40A358441BCAC613016F6226E100E2E,356A192B7913B04C54574D18C28D46E6395428AB,1
A8549229602BF8AD8DF18EE007E7738C8132A127,356A192B7913B04C54574D18C28D46E6395428AB,1
BC877AA83A7FAA1157DD25CDCC16844F9020A981,356A192B7913B04C54574D18C28D46E6395428AB,1
47B465E046F22152F0008762EB5C69ACEB79706B,356A192B7913B04C54574D18C28D46E6395428AB,1
1CB637D4C84500DC4B47935A5B1C7A7C3BD15153,356A192B7913B04C54574D18C28D46E6395428AB,1
62B0D212B0112D171E572D2D4EB94CEFBD776440,356A192B7913B04C54574D18C28D46E6395428AB,1
16067A0BFDBE8DB3FCD1E1624861E132366087B5,356A192B7913B04C54574D18C28D46E6395428AB,1
CF10C4522B8A3E77C68B1158CB96D590E61C4247,356A192B7913B04C54574D18C28D46E6395428AB,1
C9CF9587670F78C06075905663DDEE226F7FFB70,356A192B7913B04C54574D18C28D46E6395428AB,1
40F2BC9BB8A5D0D035633311CC2790AC6A799B05,356A192B7913B04C54574D18C28D46E6395428AB,1
40DB182A06C33900FA02DFA8E13C36A0595A4718,356A192B7913B04C54574D18C28D46E6395428AB,1
997E0A594B20304D432B2B7EE0570054FF1DD6EC,356A192B7913B04C54574D18C28D46E6395428AB,1
976CF8BFDC8AD72316B803D79FCC85650531C106,356A192B7913B04C54574D18C28D46E6395428AB,1
88E505C01B40B31E9D2EDF9943CC640C975B1E1D,356A192B7913B04C54574D18C28D46E6395428AB,1
DC46246F40FCC18CD67EC600C365BBFD7DE3607F,356A192B7913B04C54574D18C28D46E6395428AB,1
9B499FAAC6A5C49FFDE9A8F28AD7B76F4452BA1E,B1D5781111D84F7B3FE45A0852E59758CD7A87E5,8
8DE7269D1E80FADF8ACE75434E8C2C430E55295C,B1D5781111D84F7B3FE45A0852E59758CD7A87E5,8
C331792717F4444AC5F5DCDB62127B20A0ED0D3F,B1D5781111D84F7B3FE45A0852E59758CD7A87E5,8
0233854582C386E8FDD92B0B364FAC9A37596365,B1D5781111D84F7B3FE45A0852E59758CD7A87E5,8
3F360138A321D68B7FF97004B2BE6C0A160A0306,B1D5781111D84F7B3FE45A0852E59758CD7A87E5,8
B3398C43E10332F22D38FD991EDE9BD90ECC93A9,B1D5781111D84F7B3FE45A0852E59758CD7A87E5,8
4C71CF6915916CE657AAA46A11A80E1B64F2323B,B1D5781111D84F7B3FE45A0852E59758CD7A87E5,8
FBCA79D7B327832EDBCE80B8AD4FC28590AB3392,B1D5781111D84F7B3FE45A0852E59758CD7A87E5,8
B6161BB4636E6080D234C581D9041B3A36E4EB1B,B1D5781111D84F7B3FE45A0852E59758CD7A87E5,8
0861DA70DABAD989D6EA7D1D7FD83C9C619322DF,B1D5781111D84F7B3FE45A0852E59758CD7A87E5,8
6069F43F42D3AB93B842AD402E879C6AB1CCEA55,B1D5781111D84F7B3FE45A0852E59758CD7A87E5,8
2972D885FD2E209E202FD39960063C81893D6E89,B1D5781111D84F7B3FE45A0852E59758CD7A87E5,8
64C9597FD6ECAFCD8441BB678E8CF34D8FD5BB1B,B1D5781111D84F7B3FE45A0852E59758CD7A87E5,8
A077F4A30630AAC465A725DCAF72C70A42439E4C,B1D5781111D84F7B3FE45A0852E59758CD7A87E5,8
DB99670277EA8FABEE4D3BBF13A8830BF5B913E1,B1D5781111D84F7B3FE45A0852E59758CD7A87E5,8
C1DF66297E1DBDEFCC3C245FAA2CEB58E3345FD8,B1D5781111D84F7B3FE45A0852E59758CD7A87E5,8
DC82B64BBC74221050EA1126C4BC1A4BE7CFD227,B1D5781111D84F7B3FE45A0852E59758CD7A87E5,8
F96289E227D8E3729378498CA3787E9BB0462FDF,B1D5781111D84F7B3FE45A0852E59758CD7A87E5,8
AE745F138AE63809CB95B2F86BCCBE4A67345141,B1D5781111D84F7B3FE45A0852E59758CD7A87E5,8
42D07A6073A7F23FBC51495E9CBA6306CE98C6DD,B1D5781111D84F7B3FE45A0852E59758CD7A87E5,8
104A0CAE37E7B706890EE476290BDE03D427F373,B1D5781111D84F7B3FE45A0852E59758CD7A87E5,8
D2568758A05B9A44ACFFF7FD07853EE0636A4C64,B1D5781111D84F7B3FE45A0852E59758CD7A87E5,8
71AF0F767A12BE547EBABE8019F65487E8B9D24C,B1D5781111D84F7B3FE45A0852E59758CD7A87E5,8
B690E24F647129AFB9F31B1FCFCB051AF3EF8013,B1D5781111D84F7B3FE45A0852E59758CD7A87E5,8
BB4C9C3A013D38E8B4807FB55503C3F6E1AED5ED,B1D5781111D84F7B3FE45A0852E59758CD7A87E5,8
BCAA66BB071881AC5E5591A4FA3A1EB7658185E6,B1D5781111D84F7B3FE45A0852E59758CD7A87E5,8
17E4699DFF28EF743358F4E25B06ACB6B47AC30A,B1D5781111D84F7B3FE45A0852E59758CD7A87E5,8
E1CA9D43354F041124940140F9B8610C58346B4E,B1D5781111D84F7B3FE45A0852E59758CD7A87E5,8
9A1BA2B06F0AC3509D488EAEE32B0D918DF5DA45,B1D5781111D84F7B3FE45A0852E59758CD7A87E5,8
57AE86E97FC71BC42774B2316F83479D9A0CBFCF,B1D5781111D84F7B3FE45A0852E59758CD7A87E5,8
14A9EC45216F27F78837DEC24B1F8085E03B8C25,B1D5781111D84F7B3FE45A0852E59758CD7A87E5,8
A628F30B994C32EC9ED8C6E11DB16D6EBAD315D8,B1D5781111D84F7B3FE45A0852E59758CD7A87E5,8
7B3E1053A115CD253EAD5EB614E1A416C6F31B0B,B1D5781111D84F7B3FE45A0852E59758CD7A87E5,8
37359CEB24E9F454F9660D5F2DAC4D82B3E10F66,B1D5781111D84F7B3FE45A0852E59758CD7A87E5,8
9002A4F45570088BEB509FC78E2EFE756BF6FE1B,B1D5781111D84F7B3FE45A0852E59758CD7A87E5,8
722E455652D9A47196913C56ABC01946E91E576C,B1D5781111D84F7B3FE45A0852E59758CD7A87E5,8
E9548FA7B895BBFD4A2154CC419B72C80AC15CD6,17BA0791499DB908433B80F37C5FBC89B870084B,8
EE3FEDFD0D2897C2D2E5EF0F00063279B6A16EB8,17BA0791499DB908433B80F37C5FBC89B870084B,8
C7AB44C1D143578BC960F450C29F26FB00097B9E,17BA0791499DB908433B80F37C5FBC89B870084B,8
A0A471E60AE1E6C45A940874BE14C7ABEAB82F51,17BA0791499DB908433B80F37C5FBC89B870084B,8
1259C2F634AFEAAD9F5A6DBFAD6E25CC257FB1E0,17BA0791499DB908433B80F37C5FBC89B870084B,8
16E8ED96B6B0AD8350864660D143585E24C72E08,17BA0791499DB908433B80F37C5FBC89B870084B,8
AC8D18ADF2BFABB37B547A0FF585507C235FEB5A,17BA0791499DB908433B80F37C5FBC89B870084B,8
6338097BED92FC83BE6F8A9CB000C17BF02E4BA9,17BA0791499DB908433B80F37C5FBC89B870084B,8
97B526E1C46AB4FDA2D5FFC73456A15306013F84,17BA0791499DB908433B80F37C5FBC89B870084B,8
9CE22D0101666F018EDB432B85AFBB244902D8DB,17BA0791499DB908433B80F37C5FBC89B870084B,8
A20D0BEEAF960218423CE0D2A8D1D3F430907829,17BA0791499DB908433B80F37C5FBC89B870084B,8
45764F4370936B54D20EACEE9AE62A713403190E,17BA0791499DB908433B80F37C5FBC89B870084B,8
44D035F80E2B7675DEE66D2F474DACE801B3C8E6,17BA0791499DB908433B80F37C5FBC89B870084B,8
4AB5CC2EE3142A4FDE842E1A8F7D1E18B68D762E,17BA0791499DB908433B80F37C5FBC89B870084B,8
A9F93274C0DBD1A84E72964F6AFA9CFFE977D2E4,17BA0791499DB908433B80F37C5FBC89B870084B,8
D16E891828AE4DE3A4A7D138FA305650A5A19075,17BA0791499DB908433B80F37C5FBC89B870084B,8
957D38CDDDE94DA79A7D42ECC34EB0CD2D3B024B,17BA0791499DB908433B80F37C5FBC89B870084B,8
04A25A76BFB26FC4F8A1E0E210DA29F4222DDF58,17BA0791499DB908433B80F37C5FBC89B870084B,8
E693FA46484875F85AC563D15E7A14C02ED13C1E,17BA0791499DB908433B80F37C5FBC89B870084B,8
EDA88C38D05DB3CEFD64084447D48BC5B44EFA82,17BA0791499DB908433B80F37C5FBC89B870084B,8
00413D2A896CAB14ED8E06B3F29B81BF08D2C0AC,17BA0791499DB908433B80F37C5FBC89B870084B,8
AD2BB076EEDDD2D904DE26E775BA2749D3682852,17BA0791499DB908433B80F37C5FBC89B870084B,8
1445639A1CA47EBF7356D2A9B96F5BFC15F6C6EB,17BA0791499DB908433B80F37C5FBC89B870084B,8
1E48C4EEFB24E8E0AD885EBF6D591B259855F835,17BA0791499DB908433B80F37C5FBC89B870084B,8
E4448F1AAFB4E783207EAF95E65B4C32F15FECDE,17BA0791499DB908433B80F37C5FBC89B870084B,8
77A62C96C640E09DD83AEF857352821B1AAFAC54,17BA0791499DB908433B80F37C5FBC89B870084B,8
31C7769988C45A4E5F8E058D8651137425291F19,17BA0791499DB908433B80F37C5FBC89B870084B,8
6E07C6BC91008BC1536B8A64C013F6672B25CB91,17BA0791499DB908433B80F37C5FBC89B870084B,8
4B7DA7F984F46FDCF991EED1D310B55778C9FCAE,17BA0791499DB908433B80F37C5FBC89B870084B,8
008A77AAD7CC35DF82E8FCF4BC827E7A8CD892B5,17BA0791499DB908433B80F37C5FBC89B870084B,8
0058A12D8C12F970FA61415A9DD229B2772ED7A0,17BA0791499DB908433B80F37C5FBC89B870084B,8
D7E50D8464B105EE1AE1E83C21B8E0787E6D9D3A,17BA0791499DB908433B80F37C5FBC89B870084B,8
C25B4B5EF3EDE0152DD0A659F54CE9D902D3C27A,17BA0791499DB908433B80F37C5FBC89B870084B,8
5EC412B99787E78D911582A94A54E4CE3CFB4E3C,17BA0791499DB908433B80F37C5FBC89B870084B,8
0CD254CA375BA27EBC46E17602CB05CC4FCF8C3F,17BA0791499DB908433B80F37C5FBC89B870084B,8
6D04E563ABD3A846C62C2BC78C1AE4A820FD1C7C,17BA0791499DB908433B80F37C5FBC89B870084B,8
3F164DA03D4698AEE3A4ED560A763BDBC6ECB761,BD307A3EC329E10A2CFF8FB87480823DA114F8F4,8
600AEB1AFD04D6176E9E3C5223665DC5D69F4196,BD307A3EC329E10A2CFF8FB87480823DA114F8F4,8
EE16D2E0A8DE8593B8D4BE2F0110962D8DCBC562,BD307A3EC329E10A2CFF8FB87480823DA114F8F4,8
0F2D17E4AD492480C22E5EECB1EDE0709916407E,BD307A3EC329E10A2CFF8FB87480823DA114F8F4,8
8B8E41F06FB10296FDBF65B7B57FBA94E8B517D0,BD307A3EC329E10A2CFF8FB87480823DA114F8F4,8
8F8910AB73B38A13DCC2C3768AD0E607A66A7530,BD307A3EC329E10A2CFF8FB87480823DA114F8F4,8
63FFEB3635AC4C42A1A09F0D90BDA07E5C7814CE,BD307A3EC329E10A2CFF8FB87480823DA114F8F4,8
CEFA837713800A208172195A789DB5BB2483A4BD,BD307A3EC329E10A2CFF8FB87480823DA114F8F4,8
C020B18982623F837E1DBB1257DF82A247A9349A,BD307A3EC329E10A2CFF8FB87480823DA114F8F4,8
1BFDEEA3B2ABBF1255FB6CE6CF5A196863F0E298,BD307A3EC329E10A2CFF8FB87480823DA114F8F4,8
10699767639FB6B9E728D33B9D194ACF2BF0CB79,BD307A3EC329E10A2CFF8FB87480823DA114F8F4,8
66A925362D142C49C50CEC346E344A5B5ACCDF01,BD307A3EC329E10A2CFF8FB87480823DA114F8F4,8
8F7FC6442BD0F14B50269C2962825C54B216213A,BD307A3EC329E10A2CFF8FB87480823DA114F8F4,8
D2DA8D412FA46F28CA7F4A736CE21AC61D621B5B,BD307A3EC329E10A2CFF8FB87480823DA114F8F4,8
162EA89285FE2BAD879A5A3130D35E37DE1D323B,BD307A3EC329E10A2CFF8FB87480823DA114F8F4,8
59017E87CB47667C47D306C4ABEF2BCB025D64CB,BD307A3EC329E10A2CFF8FB87480823DA114F8F4,8
07A2B712801BF1778B0870437DC9422C888BCD90,BD307A3EC329E10A2CFF8FB87480823DA114F8F4,8
32550BE4513E6613CD29CF3DE05F4BCCD7C05EB9,BD307A3EC329E10A2CFF8FB87480823DA114F8F4,8
DD24061C3AEE37FB0A8A1F5BD8476124576E6E01,BD307A3EC329E10A2CFF8FB87480823DA114F8F4,8
3AF3C0B705C1DDAF7DEC68180247696F7D3BE610,BD307A3EC329E10A2CFF8FB87480823DA114F8F4,8
A341B943502A02D7CE703F5322C35D7FF083974A,BD307A3EC329E10A2CFF8FB87480823DA114F8F4,8
FB171328FDC49EF960FD1963CF91209521EC352D,BD307A3EC329E10A2CFF8FB87480823DA114F8F4,8
D51435C25FA6F8308B39971A5ACB06B0F41E3DA2,BD307A3EC329E10A2CFF8FB87480823DA114F8F4,8
258BFCBE841C02EB56D8055FD10A7E1E825059BC,BD307A3EC329E10A2CFF8FB87480823DA114F8F4,8
6E56023BF40E875B8322E13B8D067A99BEFE7C53,BD307A3EC329E10A2CFF8FB87480823DA114F8F4,8
0DD29DA35FB07A308AA89888634CC0738FB78D68,BD307A3EC329E10A2CFF8FB87480823DA114F8F4,8
57296CCD3E022C69FDB71BB5DF9EB38622685A69,BD307A3EC329E10A2CFF8FB87480823DA114F8F4,8
91E7259D484555A3AEFD78400702BD1885CCD04B,BD307A3EC329E10A2CFF8FB87480823DA114F8F4,8
1C4B875245D5CB99E975183A163E63E0D3DE3BE8,BD307A3EC329E10A2CFF8FB87480823DA114F8F4,8
5B5EF6ECAF55C2FE0A38712B5116EEF83584B304,BD307A3EC329E10A2CFF8FB87480823DA114F8F4,8
26BFE66F0DCCD29AB4735CDBBA80879ED3228479,BD307A3EC329E10A2CFF8FB87480823DA114F8F4,8
AA585E6FA5E4A8003F372CDD91A634559330D4D0,BD307A3EC329E10A2CFF8FB87480823DA114F8F4,8
B6E4D0641C8365C080E373BC33293E0408575081,FA35E192121EABF3DABF9F5EA6ABDBCBC107AC3B,8
F7ADF0D243C0DD6E54D5D2652A2EF537D08451BA,FA35E192121EABF3DABF9F5EA6ABDBCBC107AC3B,8
7D68166A1F54F4A4734CBE09FC73CD7BC3072EFE,FA35E192121EABF3DABF9F5EA6ABDBCBC107AC3B,8
DC9688D569D8551315C344548B4BE1E475920383,FA35E192121EABF3DABF9F5EA6ABDBCBC107AC3B,8
7B679DE855BA70F2498BD93B6E916F11DA4FAE54,FA35E192121EABF3DABF9F5EA6ABDBCBC107AC3B,8
73F776FFCC823D6B011E423C52EEE1339DABC759,FA35E192121EABF3DABF9F5EA6ABDBCBC107AC3B,8
D2A61F3405D3854CDD25C3B277B1F0194D448A25,FA35E192121EABF3DABF9F5EA6ABDBCBC107AC3B,8
3825B784A5D9819E76D0A23B9C1DAE3784CF7F4F,FA35E192121EABF3DABF9F5EA6ABDBCBC107AC3B,8
75D1374BD6BDB279F228F9D154A021D7611CF00E,FA35E192121EABF3DABF9F5EA6ABDBCBC107AC3B,8
60A59C4119798165BEB2A1E533F79C8CBEE5A577,FA35E192121EABF3DABF9F5EA6ABDBCBC107AC3B,8
9E36B03D2BF68123C2708013C0DAFA7B9A8629ED,FA35E192121EABF3DABF9F5EA6ABDBCBC107AC3B,8
A1D070EFB894FF13603A2744BAE05A0FDBCFB212,FA35E192121EABF3DABF9F5EA6ABDBCBC107AC3B,8
A483AF6A99CFC465BEF6F0070DDCF66F4C0F2047,FA35E192121EABF3DABF9F5EA6ABDBCBC107AC3B,8
D8C679D3B1CCF80448F5962BD804D761DCDAB667,FA35E192121EABF3DABF9F5EA6ABDBCBC107AC3B,8
FB80B47D9BACE2F5296BD068C74E0B338941573B,FA35E192121EABF3DABF9F5EA6ABDBCBC107AC3B,8
0454045DA818A3537CF9D605EFFB607D11662CC9,FA35E192121EABF3DABF9F5EA6ABDBCBC107AC3B,8
A3F4CDC9F501016CE32B1CEA58FE14130F9B6C8A,FA35E192121EABF3DABF9F5EA6ABDBCBC107AC3B,8
4BED1AF7BEB847B48E702B5EE1072C12196238D1,FA35E192121EABF3DABF9F5EA6ABDBCBC107AC3B,8
114BB4E65BC256C4E5AC14B0A00A8B4F3B8D2697,FA35E192121EABF3DABF9F5EA6ABDBCBC107AC3B,8
4C2140D78723FEDC9491884B867CCC36A680444E,FA35E192121EABF3DABF9F5EA6ABDBCBC107AC3B,8
A28B21898D3F1AAAF39B362A86A43F22CED387E0,FA35E192121EABF3DABF9F5EA6ABDBCBC107AC3B,8
74DDA4B9264B6102F561F8A3F28D9B5B34B7D9A3,FA35E192121EABF3DABF9F5EA6ABDBCBC107AC3B,8
093BDE6521072E01F3FADABB2EBA071903DD2CFC,FA35E192121EABF3DABF9F5EA6ABDBCBC107AC3B,8
80CE10912C68A603297654CC7E887FA0B55E1A91,FA35E192121EABF3DABF9F5EA6ABDBCBC107AC3B,8
2720922E398E54EC69233567BEA2A3601B835696,FA35E192121EABF3DABF9F5EA6ABDBCBC107AC3B,8
DA3B70B604F7FF0DB315D88283C4E511D2D6ECBF,FA35E192121EABF3DABF9F5EA6ABDBCBC107AC3B,8
B2297359413F9A802DF6E608A9102951F5DCA0D5,FA35E192121EABF3DABF9F5EA6ABDBCBC107AC3B,8
B19F0E71207E9225C898C8B8D478DD905FB5A846,FA35E192121EABF3DABF9F5EA6ABDBCBC107AC3B,8
25CB6B99AE5E9C15E5C4128A48F41BD7C3589FB1,FA35E192121EABF3DABF9F5EA6ABDBCBC107AC3B,8
CF049A009B90C7827A6E1D25FE8E23BA899E99FA,FA35E192121EABF3DABF9F5EA6ABDBCBC107AC3B,8
005B24A5A4452C96FFFC718F54EA46C604E93662,FA35E192121EABF3DABF9F5EA6ABDBCBC107AC3B,8
02015218C5C574D92CBD1622F16F9352BF842A9C,FA35E192121EABF3DABF9F5EA6ABDBCBC107AC3B,8
4701F20EA8374C32F520018B40BAD34CFE4446BB,FA35E192121EABF3DABF9F5EA6ABDBCBC107AC3B,8
941396687D13A0DF2D1A96714D1D7666DE975735,FA35E192121EABF3DABF9F5EA6ABDBCBC107AC3B,8
90E760BE519FDBBCEC3660922D945B403296CD67,FA35E192121EABF3DABF9F5EA6ABDBCBC107AC3B,8
6BE5CAC1680CD3A8679F2812FC2EEFCF0C6073C8,F1ABD670358E036C31296E66B3B66C382AC00812,9
253A3607105F584509D1A7DB61470956D2B864AE,F1ABD670358E036C31296E66B3B66C382AC00812,9
DA7191B9B496E905044F82076C23EAAC97BE22CB,F1ABD670358E036C31296E66B3B66C382AC00812,9
775524F768F00006156D0D70D55577AA7DB58AE6,F1ABD670358E036C31296E66B3B66C382AC00812,9
178CDC5BE6976DA7FE0380C3C43CF7A7F55704DE,F1ABD670358E036C31296E66B3B66C382AC00812,9
8F6DCDA05FF05C23A6A73655715745AC9C4AD255,F1ABD670358E036C31296E66B3B66C382AC00812,9
7358CFA058E358F34DCC9F99A12C2986349665FD,F1ABD670358E036C31296E66B3B66C382AC00812,9
4FAEB8937E8F05053367217E12252CF84DBC7AFF,F1ABD670358E036C31296E66B3B66C382AC00812,9
5F8DD3C5A69B7AEF6971E51C472EBCAE55899BCD,F1ABD670358E036C31296E66B3B66C382AC00812,9
C39EF75C7F064D224470CF1542186A4FBEA52510,F1ABD670358E036C31296E66B3B66C382AC00812,9
335F8962942BC399A01B952642D067B42A5E6893,F1ABD670358E036C31296E66B3B66C382AC00812,9
DDF69103742800A4913CBBB6B8FEF1E5E9217D4B,F1ABD670358E036C31296E66B3B66C382AC00812,9
DE47F27BB59E084A98B14726D505AE21AA1DB753,F1ABD670358E036C31296E66B3B66C382AC00812,9
6523354F5719F7C39C6950AD011ECDEE47E62210,F1ABD670358E036C31296E66B3B66C382AC00812,9
29BBE9681481FB370C79BEB29D23B435F55EE023,F1ABD670358E036C31296E66B3B66C382AC00812,9
51DE4C2171B77ABD3BC252893BF12BCE7297A70E,F1ABD670358E036C31296E66B3B66C382AC00812,9
6C2DA714F57F926D23CDF6D7EF5A1C226B2384CB,F1ABD670358E036C31296E66B3B66C382AC00812,9
932DCDE2666DD8DCF2BBD927CB84EEB1149E8698,F1ABD670358E036C31296E66B3B66C382AC00812,9
86041DC4F1E385A46219FB3C420B66A558BC5F16,F1ABD670358E036C31296E66B3B66C382AC00812,9
EE15C539C942E0E47ADC68DB3737CBFE7D8BDA73,F1ABD670358E036C31296E66B3B66C382AC00812,9
FD103471F603BF429DED6DCB4E51F07C1BF0DEDA,F1ABD670358E036C31296E66B3B66C382AC00812,9
BD4CD03D4F38DEABFFC8E5A63DA805900AFDA301,F1ABD670358E036C31296E66B3B66C382AC00812,9
BCC90FFABA50721B27A93CD3E48617B77570077A,F1ABD670358E036C31296E66B3B66C382AC00812,9
F399804676500CD8A57D5CB97F33BF08A7F9F67C,F1ABD670358E036C31296E66B3B66C382AC00812,9
D9F723B7AC24B75251432CA7DBB271CFD1DFFB87,F1ABD670358E036C31296E66B3B66C382AC00812,9
1266900B5CE3B27FF818C2FEFD0AEED08A9462A8,F1ABD670358E036C31296E66B3B66C382AC00812,9
2336BC0C6326E1C6701DC9A296A2CBAC0BB40791,F1ABD670358E036C31296E66B3B66C382AC00812,9
E25E2797ABDE86147F151423234E2256B9677FCF,F1ABD670358E036C31296E66B3B66C382AC00812,9
BA068491868181D0C3DF519962E6F750D41F1719,F1ABD670358E036C31296E66B3B66C382AC00812,9
615710D1D62787C93B305F988F372047B516E94A,F1ABD670358E036C31296E66B3B66C382AC00812,9
A732834AFA8E71B0FE1813BD6E62D7F8296E2678,F1ABD670358E036C31296E66B3B66C382AC00812,9
E8F1E85262ADFDB42520F14EF099C00127BC3CD1,F1ABD670358E036C31296E66B3B66C382AC00812,9
4A7F9C651B647EAF372CB41134D8D6A4659025EA,F1ABD670358E036C31296E66B3B66C382AC00812,9
FEDE0E408A3B8CD87885A9930FBAEF56335DC7B0,F1ABD670358E036C31296E66B3B66C382AC00812,9
2B45375702BE1C64911FB788F6D1D4546398C424,F1ABD670358E036C31296E66B3B66C382AC00812,9
DC5DF0244ACFA3319E1F9389BC4BC39AFFDA4E52,F1ABD670358E036C31296E66B3B66C382AC00812,9
AA238D14E66B0FB96FEA6623E3969A5AED05640A,1574BDDB75C78A6FD2251D61E2993B5146201319,10
60B3312385C5945665DB740414B11427923443BA,1574BDDB75C78A6FD2251D61E2993B5146201319,10
C0A7852A5C2182BF67E9BB8E9173BD591A0AE217,1574BDDB75C78A6FD2251D61E2993B5146201319,10
A434AA4960CE7A93197652A9BA7AD55B9FA26C51,1574BDDB75C78A6FD2251D61E2993B5146201319,10
38B2FAA6BE7DC928E2C0D16A9D4124F231F5B92B,1574BDDB75C78A6FD2251D61E2993B5146201319,10
45F87A574DCF4AD28B63D2A6422C01599F120941,1574BDDB75C78A6FD2251D61E2993B5146201319,10
1C5FB04BE8C68423A4D84DE8B869EBF68A0F9798,1574BDDB75C78A6FD2251D61E2993B5146201319,10
AA13DA7C2AE975EA069BEC9911BCEA6808B82920,1574BDDB75C78A6FD2251D61E2993B5146201319,10
89D22F2A03C8B01F6035408E617EAB3E4946E3E0,1574BDDB75C78A6FD2251D61E2993B5146201319,10
790B02EFEDE13C6B58AE1A5C656344D12E44FE78,1574BDDB75C78A6FD2251D61E2993B5146201319,10
6F07063A6981260A48C8FA6F73C5B25905620A9C,1574BDDB75C78A6FD2251D61E2993B5146201319,10
41ACD8FAC270E52D5D1B2982A722C35AA3EB1453,1574BDDB75C78A6FD2251D61E2993B5146201319,10
4E54B8840E75B2A963BA17CB2921B24451CBDBE6,1574BDDB75C78A6FD2251D61E2993B5146201319,10
6C6D47C264653AE1750BADCE3974760A8EDDD7DC,1574BDDB75C78A6FD2251D61E2993B5146201319,10
7DF8239D54FB8573566957A222A8A242E94F8919,1574BDDB75C78A6FD2251D61E2993B5146201319,10
2CDE3B1F49CAADA412E05E48C1E6649E82A636B8,1574BDDB75C78A6FD2251D61E2993B5146201319,10
DE1343C9587738EB2A4D4CD4DD9392D9F1CBB96B,1574BDDB75C78A6FD2251D61E2993B5146201319,10
1E1B848ADDAB68956C266D38F37CBBF242870BD7,1574BDDB75C78A6FD2251D61E2993B5146201319,10
B106DDE345AA66263236C44554C112426E3C6B26,1574BDDB75C78A6FD2251D61E2993B5146201319,10
796634370D8E248C910AF0FE3D843F68F8455382,1574BDDB75C78A6FD2251D61E2993B5146201319,10
1BEFB8618B2820DFFAF04024D930C0E7D1C25EA9,1574BDDB75C78A6FD2251D61E2993B5146201319,10
D72886CF87495A0F053A71E3605FEF09D35EA6BA,1574BDDB75C78A6FD2251D61E2993B5146201319,10
F5A5BF38F8AF605B35E1A740E89160356EEC540D,1574BDDB75C78A6FD2251D61E2993B5146201319,10
A1D549E46465D435A79687181C11F56F91F4DD49,1574BDDB75C78A6FD2251D61E2993B5146201319,10
76DA08EE642B7A8A5F8F8414E4B4BBF028C4E528,1574BDDB75C78A6FD2251D61E2993B5146201319,10
1F4A0C3D3A24824441207F8A72A974F856D61644,1574BDDB75C78A6FD2251D61E2993B5146201319,10
ED3E975C153D9B3BA28D0CF06FB64C420B656DF9,1574BDDB75C78A6FD2251D61E2993B5146201319,10
4FF0FE8005C2B4DAD4700FE2885A806C6C8A181D,1574BDDB75C78A6FD2251D61E2993B5146201319,10
FC9104DA5E3A4DA17B9DCD56A527BD6B2774C57E,1574BDDB75C78A6FD2251D61E2993B5146201319,10
5301B30EF6135B4A2D06AF9A33BBBB7A4BB1003E,1574BDDB75C78A6FD2251D61E2993B5146201319,10
DC14B150FB531F665B7D037381DEC3226B226F6F,1574BDDB75C78A6FD2251D61E2993B5146201319,10
4BEC79C09A6F9A0FC627AA099A8EB1999D039855,1574BDDB75C78A6FD2251D61E2993B5146201319,10
2BAEC4A3AB815A34D6EAC11610293355E3CFABBB,1574BDDB75C78A6FD2251D61E2993B5146201319,10
0A52913945744248522E48BAE767283DF7C1F278,1574BDDB75C78A6FD2251D61E2993B5146201319,10
798A65841948F5701BFFDB7E523B6998D7866610,1574BDDB75C78A6FD2251D61E2993B5146201319,10
7B9B61F8E1FF291B7E07D52C9B3DDE8CCD569657,1574BDDB75C78A6FD2251D61E2993B5146201319,10
149FBF1421B328BAEF117BBED6BB934BECA70CB8,0716D9708D321FFB6A00818614779E779925365C,11
C4E5091FEE693B149EFE96DAAE38CC44C4E29972,0716D9708D321FFB6A00818614779E779925365C,11
2170B4DDFEECE93CB193100F14F85D55358394E4,0716D9708D321FFB6A00818614779E779925365C,11
70B90BA198A002C284731E09B438A245820C648B,0716D9708D321FFB6A00818614779E779925365C,11
110F0DC9E2DCCE9093CA830B34A1B3B394D664F9,0716D9708D321FFB6A00818614779E779925365C,11
2AF8F75423F125FAC383A46266EC279245C7A446,0716D9708D321FFB6A00818614779E779925365C,11
72F52FCE62732F4922246260C47248FFA7578E8C,0716D9708D321FFB6A00818614779E779925365C,11
B685F601A8E3EC37035DF50C573314AD4967CA7C,0716D9708D321FFB6A00818614779E779925365C,11
30465B02B571A5B2183A21BC2D5757F6BA499F51,0716D9708D321FFB6A00818614779E779925365C,11
D9A8F6937F2B6C94E92213C147C7F05364466509,0716D9708D321FFB6A00818614779E779925365C,11
81E37892C88FEA93609F2EC2B5EC28FED7116ABD,0716D9708D321FFB6A00818614779E779925365C,11
EFB2E84A4B012C1766F20EFF9FC8C6FC832DEFB7,0716D9708D321FFB6A00818614779E779925365C,11
E2A38F6EED91F1113D9D7919549B57B1CF8A87EC,0716D9708D321FFB6A00818614779E779925365C,11
18AF3265487640CDED75143B4CAD7DB34EBBA712,0716D9708D321FFB6A00818614779E779925365C,11
2655D7A3039856EB1B30026F6C4F44138C75A2CC,0716D9708D321FFB6A00818614779E779925365C,11
FBDD39E772EA04010DBED438DB6F4CF6E18CEF54,0716D9708D321FFB6A00818614779E779925365C,11
6F8A8FBDA24004FD62F2EF2BFE66172E2266B9B5,0716D9708D321FFB6A00818614779E779925365C,11
BFA719408CAD07A0465200BA9035C2025B247721,0716D9708D321FFB6A00818614779E779925365C,11
DD1099EC6452C154BFB2B9D8076F03BAAB42025F,0716D9708D321FFB6A00818614779E779925365C,11
FE041FA32DE3887EB2F70F4D4C6FD8E8D3C2D274,0716D9708D321FFB6A00818614779E779925365C,11
993747D345EC5C27314BA7B893DF93A745C97461,0716D9708D321FFB6A00818614779E779925365C,11
DAB4788912BE7E8F9B207B93A6BBBE3B168BCAF9,0716D9708D321FFB6A00818614779E779925365C,11
35FD3AA08836A8F978BA4DE58CCA6FB942C14D61,0716D9708D321FFB6A00818614779E779925365C,11
728D143C664804C2F3AA21D60CC3A281789EE0E1,0716D9708D321FFB6A00818614779E779925365C,11
7E6FB9FE880C4D0DAE0EC5732D98995E95FF37E0,0716D9708D321FFB6A00818614779E779925365C,11
930BE610BE4AF7ABC3A68A72323FC5ECE07C7337,0716D9708D321FFB6A00818614779E779925365C,11
F02CDA1EC22AE37BC38305C53692DC018DC883E8,0716D9708D321FFB6A00818614779E779925365C,11
D40029111F067A43A639096BCE27AA3E0A342F3F,0716D9708D321FFB6A00818614779E779925365C,11
E3E5D726D324E051074C9BE5AD52244954570801,0716D9708D321FFB6A00818614779E779925365C,11
030AD1932725989DE50579EA4D88D81F0FA4A796,0716D9708D321FFB6A00818614779E779925365C,11
6E78FFE63AEBCAB8C3A9BA7B4BF04EFBB73C3E84,0716D9708D321FFB6A00818614779E779925365C,11
262E2AB4859CCB4CA27359375F2EBED1782E051C,0716D9708D321FFB6A00818614779E779925365C,11
7064136295F580F7489E4933BB361362BA534733,0716D9708D321FFB6A00818614779E779925365C,11
35674C135043757FF37E77C9C01D666FB2D9B84F,0716D9708D321FFB6A00818614779E779925365C,11
4D779C9B6AF405BB6D3556A8BC32D8C2FA98128F,9E6A55B6B4563E652A23BE9D623CA5055C356940,11
F2903D706AE61914284048F62701971BD4008A8F,9E6A55B6B4563E652A23BE9D623CA5055C356940,11
3FE73F2690F4E8614B93BE45D747078EBB5E7BE4,9E6A55B6B4563E652A23BE9D623CA5055C356940,11
A52AB813D6C203492B2D78C0A5158B13E5A3B582,9E6A55B6B4563E652A23BE9D623CA5055C356940,11
4FCD8F89918FB07FE8BF002992AA8A93DE294C2A,9E6A55B6B4563E652A23BE9D623CA5055C356940,11
B1F8BE7EBA5DE2357D8AD2899E2EE64005FFB47B,9E6A55B6B4563E652A23BE9D623CA5055C356940,11
6FBFE018BA1B905F4694497B785BB9C0406596A9,9E6A55B6B4563E652A23BE9D623CA5055C356940,11
1C164530F08CF1843B93F137E884EFAB8511405F,9E6A55B6B4563E652A23BE9D623CA5055C356940,11
02236F313D32010CF5FED9138F124428787E5405,9E6A55B6B4563E652A23BE9D623CA5055C356940,11
CFE98FBC3E076930CAFE37CCFF18EA9AF748B9CD,9E6A55B6B4563E652A23BE9D623CA5055C356940,11
FC123D34642FDCD1867525A5C32455E97FC4BE55,9E6A55B6B4563E652A23BE9D623CA5055C356940,11
C1967A4F803110FB9F454AB6B1F0F67BF62A58D2,9E6A55B6B4563E652A23BE9D623CA5055C356940,11
5F7DB5095B5BF9503C94BBB38B78D7DE3C790782,9E6A55B6B4563E652A23BE9D623CA5055C356940,11
E516ED28CE5DB47382F9775094A52A15AF14CE64,9E6A55B6B4563E652A23BE9D623CA5055C356940,11
061F95DC00E13B335E406D64C26031347942A7D2,9E6A55B6B4563E652A23BE9D623CA5055C356940,11
8F8DC875889A82B6BAED8BC1825F4516E6EADCDE,9E6A55B6B4563E652A23BE9D623CA5055C356940,11
305963B79E1CE3A75381BF15DA29CBD656DD773F,9E6A55B6B4563E652A23BE9D623CA5055C356940,11
7A3CCF5C70B1F20D03CB9F582ACB2EF761A3E6B5,9E6A55B6B4563E652A23BE9D623CA5055C356940,11
959E980E01BD5B2CDC410F2BDA1FF9523C69E167,9E6A55B6B4563E652A23BE9D623CA5055C356940,11
7EBA1056AFF2295DA1462B784B48B4112A19D0F6,9E6A55B6B4563E652A23BE9D623CA5055C356940,11
91E09F838358F13169537907192F9E6F2679F4D6,9E6A55B6B4563E652A23BE9D623CA5055C356940,11
070121F8CEF3C3B36DF4783F78745761931AB63F,9E6A55B6B4563E652A23BE9D623CA5055C356940,11
4A3A40E19F8A30E99F305CEE53462D1C267A9054,9E6A55B6B4563E652A23BE9D623CA5055C356940,11
CA31C3356BB0CB51BC41AC4F69DEF11D7A10F129,9E6A55B6B4563E652A23BE9D623CA5055C356940,11
47196F1DB9C7D22B0CF0683E044CD7A32DF7E38E,9E6A55B6B4563E652A23BE9D623CA5055C356940,11
3C6114F7621DD054116A8B65AD5C7712D2BEA50D,9E6A55B6B4563E652A23BE9D623CA5055C356940,11
B6F2803A53EE5F16C531F233916D183E8FB4B2C2,9E6A55B6B4563E652A23BE9D623CA5055C356940,11
168974A7255B467F0CB173ECFCDED5CFB9E86A32,9E6A55B6B4563E652A23BE9D623CA5055C356940,11
FA1BA5548438ED80661634FCB140BB77805FC226,9E6A55B6B4563E652A23BE9D623CA5055C356940,11
8B5380C4B3B3210B7DA429CEF0087EAC1CEC0706,9E6A55B6B4563E652A23BE9D623CA5055C356940,11
58E19492128BAD2B97CEF87A25293D8DB7C74D43,9E6A55B6B4563E652A23BE9D623CA5055C356940,11
4ADE55CFC0488CC96EDC7E1CAF65B2B91E75CF5E,9E6A55B6B4563E652A23BE9D623CA5055C356940,11
91E94F8F52074D29582C0C7F39F90EB5C37B9E1B,9E6A55B6B4563E652A23BE9D623CA5055C356940,11
F8E8789D2B090AF874262EF58D40490A341BEEE5,9E6A55B6B4563E652A23BE9D623CA5055C356940,11
27E8CE6730AFE337A79133EB11C22BD3637C153F,9E6A55B6B4563E652A23BE9D623CA5055C356940,11
24CF5973CC112D632149039E2308ABFB026753F3,9E6A55B6B4563E652A23BE9D623CA5055C356940,11
FC806E985458C2947829F0FBF475FF41D159D7B4,B3F0C7F6BB763AF1BE91D9E74EABFEB199DC1F1F,11
FB1184B8DC98881EFD1DAD6F2A6734F74A7EBCF2,B3F0C7F6BB763AF1BE91D9E74EABFEB199DC1F1F,11
C30718C0E558BA746087371C370A818EAA53867E,B3F0C7F6BB763AF1BE91D9E74EABFEB199DC1F1F,11
95F956C7244D16AD4E09FA6F3AFB9EC6ACFB8B48,B3F0C7F6BB763AF1BE91D9E74EABFEB199DC1F1F,11
3C783B78B84D0A5AE7E70DE29EC0867817F3BAF4,B3F0C7F6BB763AF1BE91D9E74EABFEB199DC1F1F,11
BB6A7A6C79CC2DAC0866FAB5C22F90F665E99A1D,B3F0C7F6BB763AF1BE91D9E74EABFEB199DC1F1F,11
C955DCBFA9EC4D016A667F6F5FFE045A63B6E9B9,B3F0C7F6BB763AF1BE91D9E74EABFEB199DC1F1F,11
67208E01F983F3F9F3647CEB67FF991F00C431BB,B3F0C7F6BB763AF1BE91D9E74EABFEB199DC1F1F,11
1BE4307D1B92EB431DA76AF276A04A47422FAF87,B3F0C7F6BB763AF1BE91D9E74EABFEB199DC1F1F,11
ECBA914CCF37F54A6B463021DCBA2CCCB2C7F734,B3F0C7F6BB763AF1BE91D9E74EABFEB199DC1F1F,11
C71E836B0246886C465BAD03E604AC7AFE538858,B3F0C7F6BB763AF1BE91D9E74EABFEB199DC1F1F,11
12D5BBDB4F508C5E8419C4DBCEF1034EE138E199,B3F0C7F6BB763AF1BE91D9E74EABFEB199DC1F1F,11
E3A17C354EAC79883395C4BD9B6884CE00E81483,B3F0C7F6BB763AF1BE91D9E74EABFEB199DC1F1F,11
A73C792F6B58D06BB2059EB64422AE60F2B5E6DD,B3F0C7F6BB763AF1BE91D9E74EABFEB199DC1F1F,11
4B768DFF8EEA734FFDA2C320D23FBD0AB6A3D180,B3F0C7F6BB763AF1BE91D9E74EABFEB199DC1F1F,11
D016B08681A9EAABEB19ED315B003FF64A9B3576,B3F0C7F6BB763AF1BE91D9E74EABFEB199DC1F1F,11
41F2B98A564BC32E177F7E6916884D9AB8B6109F,B3F0C7F6BB763AF1BE91D9E74EABFEB199DC1F1F,11
173D81027BB0D696AE98AF0C67EF3D7D7E230488,B3F0C7F6BB763AF1BE91D9E74EABFEB199DC1F1F,11
509B89EF0AC07F648518FF2BB863FF689EC1F015,B3F0C7F6BB763AF1BE91D9E74EABFEB199DC1F1F,11
A4742F32DA7617877EBB030336C800D860318653,B3F0C7F6BB763AF1BE91D9E74EABFEB199DC1F1F,11
A3E539D89E3F90F0A68142771EF4A03C1A37B54B,B3F0C7F6BB763AF1BE91D9E74EABFEB199DC1F1F,11
9FF42E0404B80B3C424910FD484345977AD18231,B3F0C7F6BB763AF1BE91D9E74EABFEB199DC1F1F,11
BB1844D2BD3D8CEE534B26AE1D26FCA73A9BD4F7,B3F0C7F6BB763AF1BE91D9E74EABFEB199DC1F1F,11
DF51BE8E65A94FF001711A3E3DC7F3AB1646BBA1,B3F0C7F6BB763AF1BE91D9E74EABFEB199DC1F1F,11
06905FC5BA55B470D072D854329DF355C062A218,B3F0C7F6BB763AF1BE91D9E74EABFEB199DC1F1F,11
63F1037E39D3DCF57F52D4DEB258E06D563A1E76,B3F0C7F6BB763AF1BE91D9E74EABFEB199DC1F1F,11
AF2F29A7BAC77E7AFC6345E47EBA911CBBC48395,B3F0C7F6BB763AF1BE91D9E74EABFEB199DC1F1F,11
DB41A8BE97FE60FB0FF91E7B1F0FDF95A1D23368,B3F0C7F6BB763AF1BE91D9E74EABFEB199DC1F1F,11
6ECD5CD31CF6637D2F7A537D35873E733717EE7A,B3F0C7F6BB763AF1BE91D9E74EABFEB199DC1F1F,11
27B7CFDD42D813F965A7E03AAA8309FEB2BD0CCE,B3F0C7F6BB763AF1BE91D9E74EABFEB199DC1F1F,11
4C9570FF6C0C096B70C534D28B0D0E710F007E13,B3F0C7F6BB763AF1BE91D9E74EABFEB199DC1F1F,11
1AA8DFD5D691B1BF400CEB64EF1E3CE6743DC20B,B3F0C7F6BB763AF1BE91D9E74EABFEB199DC1F1F,11
E8AF017033A81F16622F8380F28339E2D8C03D82,B3F0C7F6BB763AF1BE91D9E74EABFEB199DC1F1F,11
206EB66262A594ABEF566D208E75E258AF0BDB65,B3F0C7F6BB763AF1BE91D9E74EABFEB199DC1F1F,11
5893AB9E952763F6A662E5752248FB3686B153B5,B3F0C7F6BB763AF1BE91D9E74EABFEB199DC1F1F,11
45F0E6B27210DDA6D2F4738C4C7148011BACF3BC,B3F0C7F6BB763AF1BE91D9E74EABFEB199DC1F1F,11
CD5C78148814BD91BA80AF19DD8BC3273B1DBE70,DA4B9237BACCCDF19C0760CAB7AEC4A8359010B0,1
5DC7B3D546924055B5AD00379C5B6292CCB5A798,DA4B9237BACCCDF19C0760CAB7AEC4A8359010B0,1
847FC303B554B04F7C39150383742943314E43E3,DA4B9237BACCCDF19C0760CAB7AEC4A8359010B0,1
8E6E2FAECDA92427AC32DEDCBE3C7AE9E7F284FD,DA4B9237BACCCDF19C0760CAB7AEC4A8359010B0,1
0CB970336BC4782525D7ED6C0D3E13EA2AF51740,DA4B9237BACCCDF19C0760CAB7AEC4A8359010B0,1
5EA352695FF3908E5EEB613B7A195815CE6B9A0F,DA4B9237BACCCDF19C0760CAB7AEC4A8359010B0,1
7EE310ED052B7627698048EDB1E65890BB492B61,DA4B9237BACCCDF19C0760CAB7AEC4A8359010B0,1
BE9BE902712B51AC476858ECB787F1AA8DA0D97C,DA4B9237BACCCDF19C0760CAB7AEC4A8359010B0,1
467072BA456B9CFF7A03574BAA0F48B75FA16394,DA4B9237BACCCDF19C0760CAB7AEC4A8359010B0,1
1BC09EACF6A87BF3862204E775A8EC2FAC16AE0C,DA4B9237BACCCDF19C0760CAB7AEC4A8359010B0,1
0C5F443AA314C7B73044E1F3230A7D8DF7A86A39,DA4B9237BACCCDF19C0760CAB7AEC4A8359010B0,1
C8B4056CB35D543AA78FC53BD288BBAF457E7F72,DA4B9237BACCCDF19C0760CAB7AEC4A8359010B0,1
DCEBC6904858DCB184C6C0C8F777F6CBB68D0576,DA4B9237BACCCDF19C0760CAB7AEC4A8359010B0,1
D68E0BB5B1545BCBA619B582A16A7374EBB9DE70,DA4B9237BACCCDF19C0760CAB7AEC4A8359010B0,1
AC77ABBDE6E9D5CB03DF6545AE948D407CD686C3,DA4B9237BACCCDF19C0760CAB7AEC4A8359010B0,1
3882017DDEA6BD27DE0396140490FF3176C18D58,DA4B9237BACCCDF19C0760CAB7AEC4A8359010B0,1
02423186E4209A3558898374200E3B4CAAECAACE,DA4B9237BACCCDF19C0760CAB7AEC4A8359010B0,1
15378BB45457A9955329798C859BECA4D7E6DAAF,DA4B9237BACCCDF19C0760CAB7AEC4A8359010B0,1
F44F9200EF68043B0C4C3A12E5E5F603C85CCDAC,DA4B9237BACCCDF19C0760CAB7AEC4A8359010B0,1
1DDBA1C4971429B16EF1B16B15AA35324095AD3B,DA4B9237BACCCDF19C0760CAB7AEC4A8359010B0,1
FF18CCF1F8987BAD7AEA5B277E1753AEAF5BD0CA,DA4B9237BACCCDF19C0760CAB7AEC4A8359010B0,1
198EFAC121A8C5A97FFDFCC1E4C0AE5C67356830,DA4B9237BACCCDF19C0760CAB7AEC4A8359010B0,1
DE394D33CD921BE2B9A51552679DCC9F7E19D0B9,DA4B9237BACCCDF19C0760CAB7AEC4A8359010B0,1
FA3038DEAE3792028A3E2317A52EC35AC6E52F63,DA4B9237BACCCDF19C0760CAB7AEC4A8359010B0,1
70CD9A16603C4DF9ABAC2FB670B110B11E5A54A3,DA4B9237BACCCDF19C0760CAB7AEC4A8359010B0,1
F3B084DCBAA6475FEDAD4D3F383C6C19BD77DD9C,91032AD7BBCB6CF72875E8E8207DCFBA80173F7C,2
141590CF207E2B3B03BBEB7CD9BD77E19BEFC2D6,91032AD7BBCB6CF72875E8E8207DCFBA80173F7C,2
0B51A764025D10552B6FD6BCF59488A5CEEED21E,91032AD7BBCB6CF72875E8E8207DCFBA80173F7C,2
8B70F74169F3A159816F5204EBB77888A0479124,91032AD7BBCB6CF72875E8E8207DCFBA80173F7C,2
0D2DA73E3535597147B5B530557848B56D1342C7,91032AD7BBCB6CF72875E8E8207DCFBA80173F7C,2
C191C845286C6ADF100EE40214F2B70456B45ACF,91032AD7BBCB6CF72875E8E8207DCFBA80173F7C,2
6352FA9FB65E3136D781CEA8661DF8D23909DCF6,91032AD7BBCB6CF72875E8E8207DCFBA80173F7C,2
BBA5328EAC5F6BC17F6832B1EDB132AACCDAFC33,91032AD7BBCB6CF72875E8E8207DCFBA80173F7C,2
71F2147BDC0A997CADA9F755F77FE36EF9882DA4,91032AD7BBCB6CF72875E8E8207DCFBA80173F7C,2
8E434CA7C92B8E9339DBA274841162640AEDA233,91032AD7BBCB6CF72875E8E8207DCFBA80173F7C,2
7E8E07D029EE451798C9171FD3D073946911252F,91032AD7BBCB6CF72875E8E8207DCFBA80173F7C,2
50D5DAE0947B35D49AC2F3E8DD5EFB99BB98ED91,91032AD7BBCB6CF72875E8E8207DCFBA80173F7C,2
2596F300CC5521015230C4CE73DDDD1F0D143F09,91032AD7BBCB6CF72875E8E8207DCFBA80173F7C,2
B8363C0AE566EB4930C990565F40069CFE72216B,91032AD7BBCB6CF72875E8E8207DCFBA80173F7C,2
FAA250D6456C0547DDF40CF86BC301D9F6DBCBC8,91032AD7BBCB6CF72875E8E8207DCFBA80173F7C,2
99250F6EB661953094DC77C7C23E21D14B0F6191,91032AD7BBCB6CF72875E8E8207DCFBA80173F7C,2
7CC423B23705CC195E7E7683DA975328D9F7874C,91032AD7BBCB6CF72875E8E8207DCFBA80173F7C,2
40340B712408FD718C7E91823805A36E96BA9603,91032AD7BBCB6CF72875E8E8207DCFBA80173F7C,2
E6F8585BACFE3131527D9B60006F85B3772CFF1D,91032AD7BBCB6CF72875E8E8207DCFBA80173F7C,2
6CD1BF89C9C512EC6E8C799669B10921F1147AE0,91032AD7BBCB6CF72875E8E8207DCFBA80173F7C,2
699F4037F5C96DBA6572CA4C3F8975500D589408,91032AD7BBCB6CF72875E8E8207DCFBA80173F7C,2
F45DF5DFF4B10DD9AB8B926809FC99B8BD1FBDD5,91032AD7BBCB6CF72875E8E8207DCFBA80173F7C,2
F360D77B904D327E1EB71712215D853EFB1CB9DF,91032AD7BBCB6CF72875E8E8207DCFBA80173F7C,2
D6DBB1558A8C1D8A21A6AB8366855AB5AB93ECD2,91032AD7BBCB6CF72875E8E8207DCFBA80173F7C,2
524B549FF8618E35055DE0ED89197E95BCE5F455,91032AD7BBCB6CF72875E8E8207DCFBA80173F7C,2
A8AA10BB64DC0FFF810944FD550CCA90A45ABAF1,91032AD7BBCB6CF72875E8E8207DCFBA80173F7C,2
9DEAE4E357478C356373CBD9F7B2DAC1575668A7,91032AD7BBCB6CF72875E8E8207DCFBA80173F7C,2
2A017F434DA832D59F92EFEC52E3B5680BAEAD48,91032AD7BBCB6CF72875E8E8207DCFBA80173F7C,2
0E561FEC33C9AD671143C81419F8F753D722985B,91032AD7BBCB6CF72875E8E8207DCFBA80173F7C,2
BC80B599B1152FAA5607F9E8EA0A994785E03DCA,91032AD7BBCB6CF72875E8E8207DCFBA80173F7C,2
65BADB51691D506094C88823192205FB843B189A,91032AD7BBCB6CF72875E8E8207DCFBA80173F7C,2
24FCA3D9B1FB79109B4E1347524A596BEA513109,91032AD7BBCB6CF72875E8E8207DCFBA80173F7C,2
A90F5BC117EB3D4D6066333BBBE24AE2CDC5319A,91032AD7BBCB6CF72875E8E8207DCFBA80173F7C,2
81ED5C9552E9B55DF551CD37F542E5DE23F00808,91032AD7BBCB6CF72875E8E8207DCFBA80173F7C,2
10A2F836457DA5FC5FE578038F3240704F43D5C4,91032AD7BBCB6CF72875E8E8207DCFBA80173F7C,2
3F2FFF77382462957131BA8359A577155B3CB7E4,91032AD7BBCB6CF72875E8E8207DCFBA80173F7C,2
2314982C379FFED35DFB48C3F2715DBF723BC588,472B07B9FCF2C2451E8781E944BF5F77CD8457C8,2
E8B60F3D870DB5A1E60E08848C8349AC920F24BB,472B07B9FCF2C2451E8781E944BF5F77CD8457C8,2
754FFAAF1C79EABFE7B3C2B38FD13D9CABC0979E,472B07B9FCF2C2451E8781E944BF5F77CD8457C8,2
E1B5EA670F2FBE589AA95D32F6744678429E8376,472B07B9FCF2C2451E8781E944BF5F77CD8457C8,2
7C3C474E1C10C6A304FE9F28A009430B5AF835F0,472B07B9FCF2C2451E8781E944BF5F77CD8457C8,2
00D8461DB0787163D94D0F27DB94B994BC1C3545,472B07B9FCF2C2451E8781E944BF5F77CD8457C8,2
A62BBE57D6B9F4F9DBCEB671E8CDB623C338115C,472B07B9FCF2C2451E8781E944BF5F77CD8457C8,2
9DFC60D106B8A7BFA36CFAEA60BFBF2CFA074F64,472B07B9FCF2C2451E8781E944BF5F77CD8457C8,2
0127A2E85B75006C51A3606629EB2FCB74C8F7E8,472B07B9FCF2C2451E8781E944BF5F77CD8457C8,2
C181C3ACE064AD9FB26D75FBF90CB8E102413BE8,472B07B9FCF2C2451E8781E944BF5F77CD8457C8,2
6A6FF4736D8F8C74684A2A761516341D926676EA,472B07B9FCF2C2451E8781E944BF5F77CD8457C8,2
426AB09B3CDE643DF9EA4D31D0C6F0A34C5D338E,472B07B9FCF2C2451E8781E944BF5F77CD8457C8,2
FC80CC85A4549B0D342787E526CB200B96D193AB,472B07B9FCF2C2451E8781E944BF5F77CD8457C8,2
3A678B77C21DFE2D1565CEB5DFC208613890B023,472B07B9FCF2C2451E8781E944BF5F77CD8457C8,2
367346812A0E29E424028D143DB9490768C751B8,472B07B9FCF2C2451E8781E944BF5F77CD8457C8,2
48BB1A2892DD7720432C94DF6E9FB4E03D97639B,472B07B9FCF2C2451E8781E944BF5F77CD8457C8,2
000609ED42FD4BF78C0F2B8214EA2DC28057ED75,472B07B9FCF2C2451E8781E944BF5F77CD8457C8,2
DD632BE19C248687A0CFDF948258FF07B972F95A,472B07B9FCF2C2451E8781E944BF5F77CD8457C8,2
7F4599D39121155F6734B85380A8AB7A57F0D8AE,472B07B9FCF2C2451E8781E944BF5F77CD8457C8,2
90B28CAC15940848F4072A257B25AA3B2FB508ED,472B07B9FCF2C2451E8781E944BF5F77CD8457C8,2
F9E6872AEA966D4B6C1D28B6463C578A72607017,472B07B9FCF2C2451E8781E944BF5F77CD8457C8,2
446A6B6209501A1A4611F088A40AF38E87E75AA0,472B07B9FCF2C2451E8781E944BF5F77CD8457C8,2
7DCA383FA1866AB821A621349BFC77F8086AC803,472B07B9FCF2C2451E8781E944BF5F77CD8457C8,2
0E4FEE3D3FC36C7384200A60899205EBECBBCCCD,472B07B9FCF2C2451E8781E944BF5F77CD8457C8,2
9A6F2D00EE35241885E04351EE886A4E89CC3158,472B07B9FCF2C2451E8781E944BF5F77CD8457C8,2
36F959056E45640A610B9F4CDDBCA65B6EC8D88F,472B07B9FCF2C2451E8781E944BF5F77CD8457C8,2
6B770B4BC18D7CAD9E98B80A8C8A84BFC27DA3EE,472B07B9FCF2C2451E8781E944BF5F77CD8457C8,2
168101BC0D15DF315E5E8E0F39C7DFC1A0A2C024,472B07B9FCF2C2451E8781E944BF5F77CD8457C8,2
FC78B4F73797AC5067E4EE44BA45A04624D2D982,472B07B9FCF2C2451E8781E944BF5F77CD8457C8,2
2CC3561E65A29C23753C1C9982B5C91161CB5C8B,472B07B9FCF2C2451E8781E944BF5F77CD8457C8,2
B1094A16C170EDA759EBE652734F2529FEFC6026,472B07B9FCF2C2451E8781E944BF5F77CD8457C8,2
EA0EB0DC87A02D7BB00A34BE97F86A7A0FFDDD05,472B07B9FCF2C2451E8781E944BF5F77CD8457C8,2
EB19D7A019A9E41FDF125ACEA1249CBA83E6F802,472B07B9FCF2C2451E8781E944BF5F77CD8457C8,2
08995E2C8E1DBF7DB6B36AF910A281AD9C65D508,472B07B9FCF2C2451E8781E944BF5F77CD8457C8,2
3582BB3617A776874D7D8996D777E642498B0059,472B07B9FCF2C2451E8781E944BF5F77CD8457C8,2
1AB92E187EC6E026DC7B6F3BDDD32780E58D361E,472B07B9FCF2C2451E8781E944BF5F77CD8457C8,2
9E3580223BB130C041F5DAA53A3C59350FD7F6A8,12C6FC06C99A462375EEB3F43DFD832B08CA9E17,4
04612F2CFE44D4C2726DA033FD302E603251F811,12C6FC06C99A462375EEB3F43DFD832B08CA9E17,4
27CFB2B17EA457A8FFF73120D2D90960D67D7971,12C6FC06C99A462375EEB3F43DFD832B08CA9E17,4
517ECAEDCAC3ED8506E3EF4BA9B305A42135A01D,12C6FC06C99A462375EEB3F43DFD832B08CA9E17,4
8496F99F65E62D675156D46C493BDB4A2AA5CB82,12C6FC06C99A462375EEB3F43DFD832B08CA9E17,4
B5CE6B8EB03FCABBD07F51B8FDF18E6BAB775D72,12C6FC06C99A462375EEB3F43DFD832B08CA9E17,4
2977B64F5E075DE21930CC12F71A6503541ACB6B,12C6FC06C99A462375EEB3F43DFD832B08CA9E17,4
D785AD842BCCCAC2A2D181B19DC7D834D68F1B1F,12C6FC06C99A462375EEB3F43DFD832B08CA9E17,4
289EF025CC6A6FF3A1DF1E110C3B8D759774E519,12C6FC06C99A462375EEB3F43DFD832B08CA9E17,4
909FA5AB8BCC2A2A125A5C13BF30D17581D2E621,12C6FC06C99A462375EEB3F43DFD832B08CA9E17,4
7A1C6CAE52A9E5868BB6B5A045FF9E83201E507C,12C6FC06C99A462375EEB3F43DFD832B08CA9E17,4
6A46CC94DF53AEBE58B5B5E708E11204D98123C3,12C6FC06C99A462375EEB3F43DFD832B08CA9E17,4
0AEA983C172B1A92F99454FA43D565D917D2B537,12C6FC06C99A462375EEB3F43DFD832B08CA9E17,4
8EA8ECAB288CD66D3403C64739F560EECDA3BB79,12C6FC06C99A462375EEB3F43DFD832B08CA9E17,4
C611DF472523DD76EAAE4CE145427D903BFCC731,12C6FC06C99A462375EEB3F43DFD832B08CA9E17,4
A116552BF48A254388DFABF8F88D3EC97EC7A57E,12C6FC06C99A462375EEB3F43DFD832B08CA9E17,4
3F2F179FFE728EA76F207228F79D7B4AC4EAD30C,12C6FC06C99A462375EEB3F43DFD832B08CA9E17,4
2CD49655B70F487C26C6A4D37CBF004E67F07FB7,12C6FC06C99A462375EEB3F43DFD832B08CA9E17,4
8E345F41015C060139132C1540C4121A568C5B01,12C6FC06C99A462375EEB3F43DFD832B08CA9E17,4
6A6FCA4B51F94A0E7314B196DBE666F0B8824D3E,12C6FC06C99A462375EEB3F43DFD832B08CA9E17,4
95B3BBE388305C021513C0A26937D3B5DC717F12,12C6FC06C99A462375EEB3F43DFD832B08CA9E17,4
C8C997B95BE7BE862C8D6B496D3C2F0B2E511F51,12C6FC06C99A462375EEB3F43DFD832B08CA9E17,4
5B08401859EC27E83E9BDE78CD9CCE7CF533C505,12C6FC06C99A462375EEB3F43DFD832B08CA9E17,4
E0262821457CC9CE9C1186A9F9314F0DBC1B3FAF,12C6FC06C99A462375EEB3F43DFD832B08CA9E17,4
193EDD947FCC9F704328CD564C0FEE96EFE7D2D6,12C6FC06C99A462375EEB3F43DFD832B08CA9E17,4
CB885FD35C49E8027A41A9E27D77D9E025EDCA3E,12C6FC06C99A462375EEB3F43DFD832B08CA9E17,4
6F6C9A20F4858CAF005F8E31680DA845CEFACB35,12C6FC06C99A462375EEB3F43DFD832B08CA9E17,4
3B50E7A7EC1927E3B4C6EDB55219B9722FED38E6,12C6FC06C99A462375EEB3F43DFD832B08CA9E17,4
7A67F56A9D7C1BB74A214AA63DD5202E9F69C775,12C6FC06C99A462375EEB3F43DFD832B08CA9E17,4
7B13BA3F374CADD4FD45985AF841F9D4435FA110,12C6FC06C99A462375EEB3F43DFD832B08CA9E17,4
241CDAD8434CB1A53C7F6AF7E16620583274B2D7,12C6FC06C99A462375EEB3F43DFD832B08CA9E17,4
3D7212417BB29A582F7A9C232256534865566C14,12C6FC06C99A462375EEB3F43DFD832B08CA9E17,4
E5974D59B04F68265D038FEC6BA804DB70DD3961,12C6FC06C99A462375EEB3F43DFD832B08CA9E17,4
2473110B9AB53B49D15B95EB268AF21B2800D5BF,12C6FC06C99A462375EEB3F43DFD832B08CA9E17,4
46AEBAE8A6ADC3577B907ED99350360FF69482A0,12C6FC06C99A462375EEB3F43DFD832B08CA9E17,4
AA50D784382BE84BAAD1EC350C7C4000C3F4EF99,12C6FC06C99A462375EEB3F43DFD832B08CA9E17,4
8816AEE5BBC650D554F19CDDC2BEAE1AA94B7C5D,D435A6CDD786300DFF204EE7C2EF942D3E9034E2,5
FCB245AA3893DA9E5A5FDC60C4B7908D00AFC561,D435A6CDD786300DFF204EE7C2EF942D3E9034E2,5
66FF2B3059E4E9BDF4941BE854292B6EE4AAD901,D435A6CDD786300DFF204EE7C2EF942D3E9034E2,5
3C1FBBD148189196FAC15BA987514414EF6197F1,D435A6CDD786300DFF204EE7C2EF942D3E9034E2,5
F87725F26862B711E89F926EB9909ADDEE4C44F8,D435A6CDD786300DFF204EE7C2EF942D3E9034E2,5
872EDBDD10BAB051FD044B77CFBB52752DF3309A,D435A6CDD786300DFF204EE7C2EF942D3E9034E2,5
F70641864115D1728E3B6C5B258B7ACF05B34FC9,D435A6CDD786300DFF204EE7C2EF942D3E9034E2,5
E9CD28015CE16D16CBEEC0F4D1CB04CBFAEBC549,D435A6CDD786300DFF204EE7C2EF942D3E9034E2,5
C71C719179EE12319FBD0E61A10F0DB911EFDD59,D435A6CDD786300DFF204EE7C2EF942D3E9034E2,5
2CE5E1C5C91236EF977D93B8B57167FF897E9E4E,D435A6CDD786300DFF204EE7C2EF942D3E9034E2,5
C9BDDC70FA088D6487733032801CD3FC546F4BD7,D435A6CDD786300DFF204EE7C2EF942D3E9034E2,5
ECFB0BD1EAF9924C28EB9A7479B97795564B270C,D435A6CDD786300DFF204EE7C2EF942D3E9034E2,5
EDC04069B9F97C85AD6827EDB227343E9FBE887C,D435A6CDD786300DFF204EE7C2EF942D3E9034E2,5
702A7AD9C2B66C4FFD73000963E532D0E9538D32,D435A6CDD786300DFF204EE7C2EF942D3E9034E2,5
C0971EED89A32E05B3A6FA88AF1142FBF0A4EB6D,D435A6CDD786300DFF204EE7C2EF942D3E9034E2,5
731317AF2122F2228079ECA5E02365C2AF561727,D435A6CDD786300DFF204EE7C2EF942D3E9034E2,5
4ED271A1EDE6C3AFFB8FA3AA7D2E4375DD3D7E39,D435A6CDD786300DFF204EE7C2EF942D3E9034E2,5
23CC45956162E30B431B9D36A8CA843F46824847,D435A6CDD786300DFF204EE7C2EF942D3E9034E2,5
503C80BE83EE774EBC97B789615E0A91F2E8FB1E,D435A6CDD786300DFF204EE7C2EF942D3E9034E2,5
6F4AF463D424AFA85C5FD0A6B6BF53E6FDFF2A24,D435A6CDD786300DFF204EE7C2EF942D3E9034E2,5
A430561EFA49AB5F195EF4FA434D4019AB5AE3B6,D435A6CDD786300DFF204EE7C2EF942D3E9034E2,5
5E1728D77EEAE38CA5CDFC532A8F00667263D402,D435A6CDD786300DFF204EE7C2EF942D3E9034E2,5
96CC94C6FB74067848F666CB90EBFB6E4BFC11E3,D435A6CDD786300DFF204EE7C2EF942D3E9034E2,5
56E072AD8262B056D2CCA32D2B74A21275AE3213,D435A6CDD786300DFF204EE7C2EF942D3E9034E2,5
1F23723C0E87507E0E446322B35D2D4685244BD4,D435A6CDD786300DFF204EE7C2EF942D3E9034E2,5
F727E7BE29EB5719C559E2C23F91D75D4C561951,D435A6CDD786300DFF204EE7C2EF942D3E9034E2,5
803A84C7555A8F1F23D934E996ADDCFF41E7C80B,D435A6CDD786300DFF204EE7C2EF942D3E9034E2,5
18C3341AE5906E948EB0BF40F3292CDAAB7F5831,D435A6CDD786300DFF204EE7C2EF942D3E9034E2,5
E567108CD907B9B96AFCD318754F9651379D7D42,D435A6CDD786300DFF204EE7C2EF942D3E9034E2,5
5AC903F1B437D09CEBFE32007201F8F8E2CA3F23,D435A6CDD786300DFF204EE7C2EF942D3E9034E2,5
673635669E769AC33FF30346CF05B725AD40382F,D435A6CDD786300DFF204EE7C2EF942D3E9034E2,5
9D8ED98235AC4C8AF1B8442E280EB1AE8E7F94C7,D435A6CDD786300DFF204EE7C2EF942D3E9034E2,5
A9F17EA0196BA932621AAD40D2AA36F0082344B7,D435A6CDD786300DFF204EE7C2EF942D3E9034E2,5
AD51B40B388A6B9D69D7297C20C7F0FED1895AC8,D435A6CDD786300DFF204EE7C2EF942D3E9034E2,5
73CFC8D61950EC224D21A628A4420DF6E49222AF,D435A6CDD786300DFF204EE7C2EF942D3E9034E2,5
72897A6B059B3290EA3602DF5921E289F94B4118,D435A6CDD786300DFF204EE7C2EF942D3E9034E2,5
8741CB1E3F1B0CC1AA9CD0059ABC3379862447C3,4D134BC072212ACE2DF385DAE143139DA74EC0EF,5
F21EAA49A1C67ECE18E7FAB0914981B512D1E908,4D134BC072212ACE2DF385DAE143139DA74EC0EF,5
8A89BDA3B6D55C3BBBE47F448CB12BBE1EFCC4BC,4D134BC072212ACE2DF385DAE143139DA74EC0EF,5
E0D6401B664FA72B54AF0AF075C480BCA35FFCA7,4D134BC072212ACE2DF385DAE143139DA74EC0EF,5
F4C3806CDE85B3EA9F9702D97EE4E47DE403C04C,4D134BC072212ACE2DF385DAE143139DA74EC0EF,5
DB33732B48845875F2A3777A99544C4AB7D2FD77,4D134BC072212ACE2DF385DAE143139DA74EC0EF,5
344B9786E4D0BF308B813E3CF598EE6800176128,4D134BC072212ACE2DF385DAE143139DA74EC0EF,5
2FA868D0CFB33CFF7F8B123D20C96360EDCE4C88,4D134BC072212ACE2DF385DAE143139DA74EC0EF,5
AC418249C734512F9E855375333981C1BA25F470,4D134BC072212ACE2DF385DAE143139DA74EC0EF,5
B6B5FCA86F9095B1ED96BE1E6E7602AF8E38D183,4D134BC072212ACE2DF385DAE143139DA74EC0EF,5
2475E111E804529686593F89EAC49D276E48D5C5,4D134BC072212ACE2DF385DAE143139DA74EC0EF,5
F90F3C27639B31C64C680E71E5AF8C6590C971AD,4D134BC072212ACE2DF385DAE143139DA74EC0EF,5
0A16C00C1D87DE20B352E3FBF2C39F27AEA94EF5,4D134BC072212ACE2DF385DAE143139DA74EC0EF,5
6AB148BBB00461FE9BFAD97928F954CD50305690,4D134BC072212ACE2DF385DAE143139DA74EC0EF,5
6C76B7205870C3F98C209D15511BDB6DFD0DA555,4D134BC072212ACE2DF385DAE143139DA74EC0EF,5
AFD214CB69A2761F8978D56E27A9093225119F06,4D134BC072212ACE2DF385DAE143139DA74EC0EF,5
5C2BA4A9DE93FD7CDDC84EB4065484103EAF12BD,4D134BC072212ACE2DF385DAE143139DA74EC0EF,5
16C84A028318A46D11B7CFBA95FF47C4958639A0,4D134BC072212ACE2DF385DAE143139DA74EC0EF,5
FD16DF337FB092C126A5D9E2A89299357A50535D,4D134BC072212ACE2DF385DAE143139DA74EC0EF,5
711B34E47E3E325337E74D68ACA3FB879C3B91B9,4D134BC072212ACE2DF385DAE143139DA74EC0EF,5
93F25A8117BDFEEE82B02AD434DE57883F7DC25F,4D134BC072212ACE2DF385DAE143139DA74EC0EF,5
9D2B77F1CFB1D07BCF14AD1CBE608B0A57551EFE,4D134BC072212ACE2DF385DAE143139DA74EC0EF,5
D46ACA673E890B0F709B79ABD851BEED81259771,4D134BC072212ACE2DF385DAE143139DA74EC0EF,5
7A2B3BBADB82E719F8547C28AD550EC02EC2BE66,4D134BC072212ACE2DF385DAE143139DA74EC0EF,5
0865BA746644025EFB228A3F62C5167C430F3A13,4D134BC072212ACE2DF385DAE143139DA74EC0EF,5
EFBCAAA12859E9619FA75E87138C73A88667B99A,4D134BC072212ACE2DF385DAE143139DA74EC0EF,5
BF7334E0D01FB038F47A20C1536538C9314F33D3,4D134BC072212ACE2DF385DAE143139DA74EC0EF,5
8D00FC294B1E468548D729437CC2E830154892DE,4D134BC072212ACE2DF385DAE143139DA74EC0EF,5
95410353CF5C496EDCC89E100E0F7E6D1E0C5552,4D134BC072212ACE2DF385DAE143139DA74EC0EF,5
AFEF405810B4228EF7CAC96DDBC4E29607B24254,F6E1126CEDEBF23E1463AEE73F9DF08783640400,5
21AA76AD0643C9ED55AE30526D7E673A0A1A20DB,F6E1126CEDEBF23E1463AEE73F9DF08783640400,5
4A0067CE5DD0BB6353AAE178C56BFD95CB82EA2F,F6E1126CEDEBF23E1463AEE73F9DF08783640400,5
A7586888CB908A5DD57132AC2881C7EDBD6DAF33,F6E1126CEDEBF23E1463AEE73F9DF08783640400,5
A227C5BF8E098429F25CE54A7DE4785577759E72,F6E1126CEDEBF23E1463AEE73F9DF08783640400,5
69FB15996DD11AE74582993B298DA5A45DD41A68,F6E1126CEDEBF23E1463AEE73F9DF08783640400,5
8A9CBB07C40D3416CC4BDBAFB7282B9C9C595CAB,F6E1126CEDEBF23E1463AEE73F9DF08783640400,5
1FC4FA234C2582EB5EE7DCED87C3ADF8AC59321E,F6E1126CEDEBF23E1463AEE73F9DF08783640400,5
357A7DF84AD17046A75E30927DDBF3C532061E8A,F6E1126CEDEBF23E1463AEE73F9DF08783640400,5
4EB205F836C0B517F9ADB195CB63E17B044D6875,F6E1126CEDEBF23E1463AEE73F9DF08783640400,5
0798D25333753DEA90BD17F7BA196F57646BD219,F6E1126CEDEBF23E1463AEE73F9DF08783640400,5
02F6816161496EE2791535C3B844CC6A0C74326A,F6E1126CEDEBF23E1463AEE73F9DF08783640400,5
7B85C066AD10AF94992CEF3669C842BDAC2E6FFF,F6E1126CEDEBF23E1463AEE73F9DF08783640400,5
B34A9C888428EF868E3CF3A3A4451D15A98AF981,F6E1126CEDEBF23E1463AEE73F9DF08783640400,5
37310FBC894E9C352C82412F5B921339708849FC,F6E1126CEDEBF23E1463AEE73F9DF08783640400,5
D6E2454E5EFED36E4EE02E8FD6EF2EB73CD3BEE0,F6E1126CEDEBF23E1463AEE73F9DF08783640400,5
07029B323A90E107E3001E65ECD0CE14204B978C,F6E1126CEDEBF23E1463AEE73F9DF08783640400,5
0BEB697FF6468642E58839379B74FD9CB1D29A71,F6E1126CEDEBF23E1463AEE73F9DF08783640400,5
6EED59F8F284A9CE24C4D83A716FD3DF1F05CE50,F6E1126CEDEBF23E1463AEE73F9DF08783640400,5
EBDFB4F585E7FAA0574FED564F042DFC7118FFC2,F6E1126CEDEBF23E1463AEE73F9DF08783640400,5
2151A1A2627FE1CC3F8D257451B74CC6938E3DCB,F6E1126CEDEBF23E1463AEE73F9DF08783640400,5
B3F15EF8669B808E84349404AC14D57A9414FC74,F6E1126CEDEBF23E1463AEE73F9DF08783640400,5
4CBCFDF0D1463E933C4D53B050E365738048A6E4,F6E1126CEDEBF23E1463AEE73F9DF08783640400,5
1B2FCF2A4689E007E53F3E5B7CCAE1BFA90C13AC,F6E1126CEDEBF23E1463AEE73F9DF08783640400,5
D13B3AE72B4D15F87504FEC17C83E8BBB0DF7D88,F6E1126CEDEBF23E1463AEE73F9DF08783640400,5
A1472E3C299181139A3A4BA9EF07FACB1A37E1DB,F6E1126CEDEBF23E1463AEE73F9DF08783640400,5
3AA1A336E1225F927F1770F9B348506343739DEE,F6E1126CEDEBF23E1463AEE73F9DF08783640400,5
F91BF694FF890FB39A26C81BC394B7B0F3771962,F6E1126CEDEBF23E1463AEE73F9DF08783640400,5
DA331BF207F4553C5400AECD039AE692B05753BC,F6E1126CEDEBF23E1463AEE73F9DF08783640400,5
53FA5B57ABF81678DEF8CA514BC76037A71842C5,F6E1126CEDEBF23E1463AEE73F9DF08783640400,5
DAF01E0EC557865A9F30F0328B215552876E94DA,F6E1126CEDEBF23E1463AEE73F9DF08783640400,5
7651C217A710ACF8D883B133C2000A7FF6F38D1C,F6E1126CEDEBF23E1463AEE73F9DF08783640400,5
E733ED080BC0B158B440E461717BE1099F054FAF,F6E1126CEDEBF23E1463AEE73F9DF08783640400,5
00E7956EFE1819B9302BCC9A255F7F72FF9EEA13,F6E1126CEDEBF23E1463AEE73F9DF08783640400,5
343072451E76BF64E7648208D833C213D197D92B,F6E1126CEDEBF23E1463AEE73F9DF08783640400,5
55447CBED27FF75C1DFF1907E4A9CBAE71D0C7A4,F6E1126CEDEBF23E1463AEE73F9DF08783640400,5
68D0D8F3600F8D760F990B1D3D4CCC0DE5EC688C,887309D048BEEF83AD3EABF2A79A64A389AB1C9F,5
F589F7C242E1A02BA88F658333195DEA5F5E4748,887309D048BEEF83AD3EABF2A79A64A389AB1C9F,5
FA350A8019446FEC4AA297764BA37F048369FC7D,887309D048BEEF83AD3EABF2A79A64A389AB1C9F,5
6A21E7F04139B8DCC4535D0ADF11ACD4ED19A875,887309D048BEEF83AD3EABF2A79A64A389AB1C9F,5
90AA81F959CFD9C1D8A727DE291775E2FAF6981B,887309D048BEEF83AD3EABF2A79A64A389AB1C9F,5
C7655911486EB2EBD31C321E08E01BBDB094E459,887309D048BEEF83AD3EABF2A79A64A389AB1C9F,5
090EBBA5309321012642D5A4173F31D3291BCF72,887309D048BEEF83AD3EABF2A79A64A389AB1C9F,5
4D4F8BF2A20877B5408B9E15195D32425807936B,887309D048BEEF83AD3EABF2A79A64A389AB1C9F,5
70F8CE3378A167D61FBF279D5A22F26A531050CF,887309D048BEEF83AD3EABF2A79A64A389AB1C9F,5
051AEC90ABE61E61FB6D378C522B846473193030,887309D048BEEF83AD3EABF2A79A64A389AB1C9F,5
1096D57D5725CA1602C53B34C3C5676C2FAFE294,887309D048BEEF83AD3EABF2A79A64A389AB1C9F,5
3D18438F2DC780C6088D46407C09E2521C6457F8,887309D048BEEF83AD3EABF2A79A64A389AB1C9F,5
5251A7FECC688E6B68DF148E084537FC33F678DE,887309D048BEEF83AD3EABF2A79A64A389AB1C9F,5
35A811D4EBDD71CECEB763169E3D08E515DF4F82,887309D048BEEF83AD3EABF2A79A64A389AB1C9F,5
65380D531D53C5ADA187E133EA37025CBC87115B,887309D048BEEF83AD3EABF2A79A64A389AB1C9F,5
E4F88D7A1C746D8CFBBD6B4E5DF0E9F6CBAFC08D,887309D048BEEF83AD3EABF2A79A64A389AB1C9F,5
C53DC2E67E82D620DA7D6D2CFA0F008D912B7881,887309D048BEEF83AD3EABF2A79A64A389AB1C9F,5
687FD7FD11CC93C3E22E675099157BB7D63BEDAA,887309D048BEEF83AD3EABF2A79A64A389AB1C9F,5
85FEE7D7CE94B73C81E4F34051718344344E4B53,887309D048BEEF83AD3EABF2A79A64A389AB1C9F,5
5B4ED56C64345DE11696326E0D80DD612E628B47,887309D048BEEF83AD3EABF2A79A64A389AB1C9F,5
C83888C5C0F46E9BD303FAC96FD06BF58869AF67,887309D048BEEF83AD3EABF2A79A64A389AB1C9F,5
A3096CC55FF736F6A941146E3A88DF0FC4B7A1F8,887309D048BEEF83AD3EABF2A79A64A389AB1C9F,5
00D4597E4140831409A971B9673642BC311A9967,887309D048BEEF83AD3EABF2A79A64A389AB1C9F,5
5E1EE2C26B1EAEFB9BF531C4994FE7F7564B5037,887309D048BEEF83AD3EABF2A79A64A389AB1C9F,5
27C22BADF45BFFF68D06F8BCE02DE23B89448B89,887309D048BEEF83AD3EABF2A79A64A389AB1C9F,5
EE1F608EC443E4EC46A04BE8CBE69531A03DB711,887309D048BEEF83AD3EABF2A79A64A389AB1C9F,5
63954BC51A108359672C5E7D5E2A0BA1FCC9A2C2,887309D048BEEF83AD3EABF2A79A64A389AB1C9F,5
EB7683105D681280A79873D61106F171EC27DEB8,887309D048BEEF83AD3EABF2A79A64A389AB1C9F,5
08B67AF5037CEB75FA8F765C7406D212A9BB80E7,BC33EA4E26E5E1AF1408321416956113A4658763,5
D369EFC23C37E39583A9008685224A4DBD07E5E9,BC33EA4E26E5E1AF1408321416956113A4658763,5
B220BC7DB2E672736899AE8B7B45282544DC9784,BC33EA4E26E5E1AF1408321416956113A4658763,5
1273F57A0004A9326533146B422E071586AA13FF,BC33EA4E26E5E1AF1408321416956113A4658763,5
6080CD405F35342985BD0177116A2624507BA6AB,BC33EA4E26E5E1AF1408321416956113A4658763,5
88C575C78928AB1B65A94059F2072749C32ED47F,BC33EA4E26E5E1AF1408321416956113A4658763,5
C11A581BFE17FA6048E7650C48895B437D614C79,BC33EA4E26E5E1AF1408321416956113A4658763,5
97FD94BE6EAA44207DB7B227C4C51E85AF39EB8F,BC33EA4E26E5E1AF1408321416956113A4658763,5
1C1F7811EA7B66873F5C10730996CE8063ECCE54,BC33EA4E26E5E1AF1408321416956113A4658763,5
24BD4703C9E6EE69E7B358D05AF580DBA57A1E27,BC33EA4E26E5E1AF1408321416956113A4658763,5
86E39128765266AC3C0C83784643A9EBA1BA6D2E,BC33EA4E26E5E1AF1408321416956113A4658763,5
97BB97455A378B2F52710A753E80CEE8C3CFFD7D,BC33EA4E26E5E1AF1408321416956113A4658763,5
81206AEAF9876FDE68F49ABBCCA139CDC1AB7B4C,BC33EA4E26E5E1AF1408321416956113A4658763,5
81D669DAE1FF8983FA1B691DFE76654B22FB889D,BC33EA4E26E5E1AF1408321416956113A4658763,5
9BCCB6ABAC70189A2FEFB9071CA50A7C3F6CCA8E,BC33EA4E26E5E1AF1408321416956113A4658763,5
D3F78BA505EDF98EFCD8C4DB6310003D2E6E1B21,BC33EA4E26E5E1AF1408321416956113A4658763,5
B66053B3F385F4576874B6904F7DB16D2CC1CDA2,BC33EA4E26E5E1AF1408321416956113A4658763,5
2A7F399B152FFE8F9A009CF6F23CFF0AC1C2E4F8,BC33EA4E26E5E1AF1408321416956113A4658763,5
3E7F838D009865A1F476010D07D34988E8C5A728,BC33EA4E26E5E1AF1408321416956113A4658763,5
7619D94CE4876AFE94BF14F06EA8E2DA5CB3B137,BC33EA4E26E5E1AF1408321416956113A4658763,5
B0F917395254B23BB5BF0A310EFDB4F42719ACF4,BC33EA4E26E5E1AF1408321416956113A4658763,5
AAAB652B88843FB4B9054F37BE5D76A3BF82E2A9,BC33EA4E26E5E1AF1408321416956113A4658763,5
102BDDEEEBC6D648E6981461F3C4758664B33C68,BC33EA4E26E5E1AF1408321416956113A4658763,5
751B710014C4B653D28D2037F801ED1A6645FF50,BC33EA4E26E5E1AF1408321416956113A4658763,5
99953C98FA26CD74CBEDBF046538DC85D47AA80E,BC33EA4E26E5E1AF1408321416956113A4658763,5
04108083264A79C46E4E346CCFA11B19E10AFF9E,BC33EA4E26E5E1AF1408321416956113A4658763,5
DDA43642C2F7A88CB3C761817CBDCBE242BC94C8,BC33EA4E26E5E1AF1408321416956113A4658763,5
C5DC69AB4A705FAA16C0158F2E126CCA4676D57B,BC33EA4E26E5E1AF1408321416956113A4658763,5
97703E86CA8A5680338565FCE10FF8E85325438A,BC33EA4E26E5E1AF1408321416956113A4658763,5
F8D2A07E95BB3ACCAF2295F7B3BF9F0F5CE01EB6,BC33EA4E26E5E1AF1408321416956113A4658763,5
4BA7DB44A39A31EDD16CAD66C36FDFF4BCDDBA07,BC33EA4E26E5E1AF1408321416956113A4658763,5
60F71108B315A732D64E60467019FE0EE97C64DF,BC33EA4E26E5E1AF1408321416956113A4658763,5
67F51E23AAB2CF4B89145BE3B47E0B86D0987BBD,BC33EA4E26E5E1AF1408321416956113A4658763,5
0F06FAD47F65A1BC3F9DD34F81D63984146C7815,BC33EA4E26E5E1AF1408321416956113A4658763,5
E5C8775AD46116F2FE641DB54EEB4295B896A467,BC33EA4E26E5E1AF1408321416956113A4658763,5
A3D02E9894C79187F89066C6F4D422937BC29A4A,BC33EA4E26E5E1AF1408321416956113A4658763,5
764B6A4A80E462372B1678C0CACA40A9D5F2A5FD,0A57CB53BA59C46FC4B692527A38A87C78D84028,5
C245884E126D47D269CDDB3AFC5D8D836F2BBA05,0A57CB53BA59C46FC4B692527A38A87C78D84028,5
D9587134C9DDA02D2173B9F0D61D96F3EFE63B60,0A57CB53BA59C46FC4B692527A38A87C78D84028,5
B8B16533F0CE704301EBE57C97AC92E38127FDB3,0A57CB53BA59C46FC4B692527A38A87C78D84028,5
109C9EC07A9E7DE32F2CD6BD17995545FA2E75C6,0A57CB53BA59C46FC4B692527A38A87C78D84028,5
19F367B061F128D8EA6A82EED5046D241B05A324,0A57CB53BA59C46FC4B692527A38A87C78D84028,5
15FA08C6543CDCD197DE99AB37BC09495DB83F03,0A57CB53BA59C46FC4B692527A38A87C78D84028,5
547C9B2494040192E2E8F7554A62EE19AEAEBE8A,0A57CB53BA59C46FC4B692527A38A87C78D84028,5
8180948E60FB0867A111D9466264CAE0F4503F01,0A57CB53BA59C46FC4B692527A38A87C78D84028,5
2972D82BEA4F851B25AE5C805C365B24A964F103,0A57CB53BA59C46FC4B692527A38A87C78D84028,5
197E99393601E444102A80FA0B3AFC6D677B96C4,0A57CB53BA59C46FC4B692527A38A87C78D84028,5
1B9BE40429A173647B20C991A5438689EEF5EE46,0A57CB53BA59C46FC4B692527A38A87C78D84028,5
8D6215BE18C1F4F97AE53203EB50C5B86C718CF4,0A57CB53BA59C46FC4B692527A38A87C78D84028,5
6711D67F68374694AC5991D2A44FEE9EBABCB709,0A57CB53BA59C46FC4B692527A38A87C78D84028,5
BAB039D694B544AFE96682CC05F525F3377D0BA9,0A57CB53BA59C46FC4B692527A38A87C78D84028,5
945C9C98745A6B0225933B68AA0FE009CACC0367,0A57CB53BA59C46FC4B692527A38A87C78D84028,5
2A7A9A8D0B18FA54EA45E3034662CB52C844692E,0A57CB53BA59C46FC4B692527A38A87C78D84028,5
A1252E2A2ACEBA06EE0D761D0536C59718C51673,0A57CB53BA59C46FC4B692527A38A87C78D84028,5
A25318E29DD2E368C455E3563F36845643B666B8,0A57CB53BA59C46FC4B692527A38A87C78D84028,5
4F87E9D7E96793340CECEF012B03E4B5011AE972,0A57CB53BA59C46FC4B692527A38A87C78D84028,5
D7BD8DF549AB1F1085503EF82660129E9FC48B1A,0A57CB53BA59C46FC4B692527A38A87C78D84028,5
98FF6BDEB460C0F2E211D6D2025CDD83FE6C6F34,0A57CB53BA59C46FC4B692527A38A87C78D84028,5
FA7955863C64478CBFB06CEA6BCF8FCFA8D64A1F,0A57CB53BA59C46FC4B692527A38A87C78D84028,5
6A8EAFB50F714C9CB19612E12DAFC159738CB326,0A57CB53BA59C46FC4B692527A38A87C78D84028,5
19167D0A52EFE5A69F82FC1167D6C8F4B6277C23,0A57CB53BA59C46FC4B692527A38A87C78D84028,5
C4B7CB49EAAE61F55082D9BD476DB61B0CF31DA9,0A57CB53BA59C46FC4B692527A38A87C78D84028,5
9D7F85EF86E73511B13B3103D85833AED22E950E,0A57CB53BA59C46FC4B692527A38A87C78D84028,5
F422D5395F0656C6C827DCA1440F4F81CECE90E6,0A57CB53BA59C46FC4B692527A38A87C78D84028,5
052E467C682EDF932BFBCF5F19F88CFAFB48544B,0A57CB53BA59C46FC4B692527A38A87C78D84028,5
F896D5AFEBDF860D7A21E8A428E3F67FC2EAC57F,0A57CB53BA59C46FC4B692527A38A87C78D84028,5
B4A8EA783738D78F0EC4143DBB2C6B6FEB56781B,0A57CB53BA59C46FC4B692527A38A87C78D84028,5
F48B8B66E4C0E6B5F955FFD00491AFC23C57DC14,0A57CB53BA59C46FC4B692527A38A87C78D84028,5
C487C661DC0F82D6715C2D6CE54B463485CC2D8E,0A57CB53BA59C46FC4B692527A38A87C78D84028,5
BADF7864443691660FA3D2373A527BEE41A7CAD1,0A57CB53BA59C46FC4B692527A38A87C78D84028,5
ACFF0839E0763D4BA1D1B9958A18CFC07E3B62FE,0A57CB53BA59C46FC4B692527A38A87C78D84028,5
8655B6F181DD723C202D02DA3832D5F461E10A95,0A57CB53BA59C46FC4B692527A38A87C78D84028,5
E5AD30ED73A942844D2779E057F5358DCD89702B,77DE68DAECD823BABBB58EDB1C8E14D7106E83BB,3
86F876ADC33BA0A2ED2D23F030583EB936D179E2,77DE68DAECD823BABBB58EDB1C8E14D7106E83BB,3
CCA9715FE7740BAF42488A0A53631A879A423E74,77DE68DAECD823BABBB58EDB1C8E14D7106E83BB,3
B1FA5E7543FD814301252096458765EC3105BF43,77DE68DAECD823BABBB58EDB1C8E14D7106E83BB,3
291E8EB69187B9B1001C6CEBDA92253E0FBE055B,77DE68DAECD823BABBB58EDB1C8E14D7106E83BB,3
0CBB1497DC74C1A363F8FFA52FAF37B72E453E11,77DE68DAECD823BABBB58EDB1C8E14D7106E83BB,3
36B0648FD8918E7B5A83F6866CF79955156930F3,77DE68DAECD823BABBB58EDB1C8E14D7106E83BB,3
0176A059A915AAFAC04A8049BD931CA1A34AF5C8,77DE68DAECD823BABBB58EDB1C8E14D7106E83BB,3
9FB70BE1FB2AB860D84ABCC579267663FBE7B356,77DE68DAECD823BABBB58EDB1C8E14D7106E83BB,3
867EFBA05ED30D77E6526697EA4FE3893806616F,77DE68DAECD823BABBB58EDB1C8E14D7106E83BB,3
C2AB9E72AB2714DC068D7B50CC28CB1915B8A174,77DE68DAECD823BABBB58EDB1C8E14D7106E83BB,3
95E8E610FE3ED3CF73778D4B736C9B0BCA00BCB9,77DE68DAECD823BABBB58EDB1C8E14D7106E83BB,3
78CBDF667AF2BB0A2BA563F28054253E5E2B20D7,77DE68DAECD823BABBB58EDB1C8E14D7106E83BB,3
699040AB6B0F47CF3A6AD83A55B36DAE33265A0A,77DE68DAECD823BABBB58EDB1C8E14D7106E83BB,3
259FEE9A06DE24565C5DBAFD2E1815AB7739D57C,77DE68DAECD823BABBB58EDB1C8E14D7106E83BB,3
85DE5BA8D04E5B3FD1BB5CB15B086ED19093BBFA,77DE68DAECD823BABBB58EDB1C8E14D7106E83BB,3
54E2FBCE5C4C4B24B083D961D42DD5E81E894182,77DE68DAECD823BABBB58EDB1C8E14D7106E83BB,3
D82ED94A307142E98F37BA1A9A6504E26C729B54,77DE68DAECD823BABBB58EDB1C8E14D7106E83BB,3
FF53FC44F9714212CAC131FC77D8E1B55F4C96EA,77DE68DAECD823BABBB58EDB1C8E14D7106E83BB,3
E18DD5F6B8732EB48E6EFA0B001A3F0E382B42BC,77DE68DAECD823BABBB58EDB1C8E14D7106E83BB,3
9E787F7CE13407417BD66EAA176F5B7476711BC6,77DE68DAECD823BABBB58EDB1C8E14D7106E83BB,3
B6EFC042C3FA3D479C5FF1A93CA6639E7BB8648D,77DE68DAECD823BABBB58EDB1C8E14D7106E83BB,3
5188FA98D9727A430FBDC854D06B3FABB85FD51E,77DE68DAECD823BABBB58EDB1C8E14D7106E83BB,3
492E3E0B7E6FEAAD5C1ED32276C3089C5082B412,77DE68DAECD823BABBB58EDB1C8E14D7106E83BB,3
90E03F78A6C0E5C0010657DD47A12E3C23B89100,77DE68DAECD823BABBB58EDB1C8E14D7106E83BB,3
C5B3F6B8562219610D7F681B569CA4F316467468,1B6453892473A467D07372D45EB05ABC2031647A,3
D1F852F896DC50DBDD313471D097DC356B1C41B2,1B6453892473A467D07372D45EB05ABC2031647A,3
E7CF739E0E25DC9C2E6D28386B2D31B013F0E9D4,1B6453892473A467D07372D45EB05ABC2031647A,3
57A75FEDA61D6F95309CD2A8144602E1C578466D,1B6453892473A467D07372D45EB05ABC2031647A,3
B8FE17CA0BFFAA05BC3E39D42116AD70D6A02538,1B6453892473A467D07372D45EB05ABC2031647A,3
C1CCA85E1469A6FD8494AC6CA56DB4168D51967F,1B6453892473A467D07372D45EB05ABC2031647A,3
415F4D3E8016826B6B68C3F04B406B215D357C25,1B6453892473A467D07372D45EB05ABC2031647A,3
1C4258231CD9FDB41AF1BCBFD93AC4065651344B,1B6453892473A467D07372D45EB05ABC2031647A,3
86AABF0F17C2B7F0D51018EA4AC95951572EA98E,1B6453892473A467D07372D45EB05ABC2031647A,3
39BA552636EB8047C5F44B9ABB27F9F1F56742AB,1B6453892473A467D07372D45EB05ABC2031647A,3
A478732D2B96C80CF6016E187DA5DA0992345BE8,1B6453892473A467D07372D45EB05ABC2031647A,3
0E6649085009E497F78464390F0E9DA7D8ADCEDE,1B6453892473A467D07372D45EB05ABC2031647A,3
9104D7E596807405F2DE6358A85A6FF083E9D573,1B6453892473A467D07372D45EB05ABC2031647A,3
D57351C3B4BF92E62409F8869FA9EFA22FFBDB0A,1B6453892473A467D07372D45EB05ABC2031647A,3
31F1AE2BCC040D91F0570BE0ED546EE5E089A0D7,1B6453892473A467D07372D45EB05ABC2031647A,3
E147949DFD2BBDC70DCF5A84947DE4FB9338F87F,1B6453892473A467D07372D45EB05ABC2031647A,3
42BB034D703667D9917EC9482841952A08AC4AAE,1B6453892473A467D07372D45EB05ABC2031647A,3
9A21C6FC0987C9B22D00FAA916EEFEABD993CB84,1B6453892473A467D07372D45EB05ABC2031647A,3
0E46B398F72D4ACB8EDCB51D05512298CA2FB555,1B6453892473A467D07372D45EB05ABC2031647A,3
FD7E5C58FC1E3F4D08A8A10FC3CC540633E9BCAD,1B6453892473A467D07372D45EB05ABC2031647A,3
0D35D596303115F3241485DB1D57BBA776858ABE,1B6453892473A467D07372D45EB05ABC2031647A,3
F5F81FD219DAFCA06DA216176FC1CA4D5609232B,1B6453892473A467D07372D45EB05ABC2031647A,3
EA291AE51D3BEC98C1F10396E34980E3754CC91C,1B6453892473A467D07372D45EB05ABC2031647A,3
9AECD5452B1EF0B0BA9786337A63B62A27F5E26A,1B6453892473A467D07372D45EB05ABC2031647A,3
66B50A04BE49B10128E00B446B55F76813EA4C63,1B6453892473A467D07372D45EB05ABC2031647A,3
34943CADB4F4F176D312E1AC5F6FCE86633E26F0,1B6453892473A467D07372D45EB05ABC2031647A,3
B949BE068DFB508F50CE2A12100E3AB0BA95AE45,1B6453892473A467D07372D45EB05ABC2031647A,3
992CA844DE0722C04C6DF591448B6FFE7D7ECE45,1B6453892473A467D07372D45EB05ABC2031647A,3
A199C5C30F60C621C62FB204EA58BDBCCAE32B15,1B6453892473A467D07372D45EB05ABC2031647A,3
628731A800F431DA51B1B006039C002679671D2F,1B6453892473A467D07372D45EB05ABC2031647A,3
D8D5E8E7006E63A30315B6FF6169551857B49CAE,1B6453892473A467D07372D45EB05ABC2031647A,3
703C18E076EEA449738BA5B06134AA5447CEA3A1,1B6453892473A467D07372D45EB05ABC2031647A,3
5EA28C9DA8ECF079566109FDA8F5B675453CE8B6,1B6453892473A467D07372D45EB05ABC2031647A,3
F52B116D8F1AE90350CD9915405FD8E89F0B447F,1B6453892473A467D07372D45EB05ABC2031647A,3
4AA044AED236A6E2EBD6DE8B9D7B0E61902682ED,1B6453892473A467D07372D45EB05ABC2031647A,3
4D3A068F03BF190513BA859A7FB4EA530DA026C0,1B6453892473A467D07372D45EB05ABC2031647A,3
D256B7D5F487A386D3451ED68ED1950DAF8A0A87,AC3478D69A3C81FA62E60F5C3696165A4E5E6AC4,3
9C5755EA525F06232DE90BC670220C47C8D9697D,AC3478D69A3C81FA62E60F5C3696165A4E5E6AC4,3
042084D1DBA867AA1F02CA327FE7EF42BD5510FD,AC3478D69A3C81FA62E60F5C3696165A4E5E6AC4,3
73BDF71037AEF35F9917A9B721EA9C75C304B76E,AC3478D69A3C81FA62E60F5C3696165A4E5E6AC4,3
481D1AE156BBAA36F871F76203F18ED80C006C1E,AC3478D69A3C81FA62E60F5C3696165A4E5E6AC4,3
9918519AAD147CBB61467CBE08C5F7E974424794,AC3478D69A3C81FA62E60F5C3696165A4E5E6AC4,3
AB53E4839F3698B23D12265AF5C9581E8BBC40E4,AC3478D69A3C81FA62E60F5C3696165A4E5E6AC4,3
19047B9E0D16B173A1DB521F11CD964478F937F2,AC3478D69A3C81FA62E60F5C3696165A4E5E6AC4,3
050139D4C0CBE2F64A225672682A6ABE87CEA446,AC3478D69A3C81FA62E60F5C3696165A4E5E6AC4,3
F0C1C0760FCA752A93FDEC322239EBD839F738D7,AC3478D69A3C81FA62E60F5C3696165A4E5E6AC4,3
267EE2F1BD7CDF9E919CE9CF559C98AAF8A69F63,AC3478D69A3C81FA62E60F5C3696165A4E5E6AC4,3
E4DBDEABEB3CCA6CCC815A75672A4F74B0916CA0,AC3478D69A3C81FA62E60F5C3696165A4E5E6AC4,3
9086F7DEF3FCA6038A75C2463B6F7F7160C0A604,AC3478D69A3C81FA62E60F5C3696165A4E5E6AC4,3
E9D1CB7EC779E44489D3252AAB1AFB478E1D8B38,AC3478D69A3C81FA62E60F5C3696165A4E5E6AC4,3
04B7F8032994A39E4366561CD385670F6BA2D501,AC3478D69A3C81FA62E60F5C3696165A4E5E6AC4,3
63D7B5A42804D243CE13A312E45A56055E8DB0E7,AC3478D69A3C81FA62E60F5C3696165A4E5E6AC4,3
5BC688D1BF8555C1A11F40778EB76D4175D8448F,AC3478D69A3C81FA62E60F5C3696165A4E5E6AC4,3
83044536D40FC3DEF3C871212A72BA0040337094,AC3478D69A3C81FA62E60F5C3696165A4E5E6AC4,3
4E76710B94B18DA35418B81F3E92D8E77CAB1F3B,AC3478D69A3C81FA62E60F5C3696165A4E5E6AC4,3
7FF1C41CB9CB27046927EB6B9CD360C03AF87884,AC3478D69A3C81FA62E60F5C3696165A4E5E6AC4,3
4E693873A00EED94F29D469D1C96BE03FF7DAF05,AC3478D69A3C81FA62E60F5C3696165A4E5E6AC4,3
549B149376BECBD85DD1359280A49592B31026FA,AC3478D69A3C81FA62E60F5C3696165A4E5E6AC4,3
4A987FC8382E231BE45DDB0C0A3FFD3EAE781D46,AC3478D69A3C81FA62E60F5C3696165A4E5E6AC4,3
84CA9DB2B2FEB8235AD2BE125EA19F6762FCED8B,AC3478D69A3C81FA62E60F5C3696165A4E5E6AC4,3
A3318DC287FEAAA9A88CF59E0D5515499789DD7B,AC3478D69A3C81FA62E60F5C3696165A4E5E6AC4,3
295224A11FA89952111E885ACF54C51396456D3C,AC3478D69A3C81FA62E60F5C3696165A4E5E6AC4,3
88E39301A8C6A7D9F9F62767A025CA77795C3C61,AC3478D69A3C81FA62E60F5C3696165A4E5E6AC4,3
D6B6268FCE17E63BD8F01C4F36E0D1F4682CDC9A,AC3478D69A3C81FA62E60F5C3696165A4E5E6AC4,3
17B8F2BD59F9F9565F65540160F13FF0E0CE2F98,AC3478D69A3C81FA62E60F5C3696165A4E5E6AC4,3
CFA37EDA6127A7257A497AB35F59B57C01D501D3,AC3478D69A3C81FA62E60F5C3696165A4E5E6AC4,3
3F57E30B576AF32AF12A638D5E5A8197F4576654,AC3478D69A3C81FA62E60F5C3696165A4E5E6AC4,3
2CB85E28AB222143E3D6B0FBF6B6B171F863E16F,AC3478D69A3C81FA62E60F5C3696165A4E5E6AC4,3
7E078E08A8614A04495F144F33CFFE0CF2BDFC18,AC3478D69A3C81FA62E60F5C3696165A4E5E6AC4,3
9772A047F67718ADC0F7E7DDF559AB6F7DF35FA0,AC3478D69A3C81FA62E60F5C3696165A4E5E6AC4,3
4AC5166A45AAFBF55E9883F9E99E902195A3096C,AC3478D69A3C81FA62E60F5C3696165A4E5E6AC4,3
D95AF8DE718DCD7DE268D6EAAAA57E786A790F4B,AC3478D69A3C81FA62E60F5C3696165A4E5E6AC4,3
4E8EBFBFF20382ADF0EC112240B6B513D37B0864,C1DFD96EEA8CC2B62785275BCA38AC261256E278,3
CFF426144743A459DBBE93099CA06D283B901209,C1DFD96EEA8CC2B62785275BCA38AC261256E278,3
BD05B179ED6A0BF03541C49B743976B10E69E37F,C1DFD96EEA8CC2B62785275BCA38AC261256E278,3
51385A92AE72C44A746BA6DAFDA4AAAFE9B3D149,C1DFD96EEA8CC2B62785275BCA38AC261256E278,3
ABCB1DA253371C89711B1B5747C530839AD345B2,C1DFD96EEA8CC2B62785275BCA38AC261256E278,3
30E6587A3494DAEAF63DF936A1E7F6F9B5877DB4,C1DFD96EEA8CC2B62785275BCA38AC261256E278,3
2B0ABA47501F8A40416A997713312B3C254A6822,C1DFD96EEA8CC2B62785275BCA38AC261256E278,3
33C1C66958F40136F1CE3D582CDFFA47D10EA428,C1DFD96EEA8CC2B62785275BCA38AC261256E278,3
D4C6E3BB606F18A8E98BEFD789421797F0146981,C1DFD96EEA8CC2B62785275BCA38AC261256E278,3
40380999A139CD9B8518287BCDEAC6B25C1F793C,C1DFD96EEA8CC2B62785275BCA38AC261256E278,3
9C6C197C7EE2A189845E68F39FFC9F7041E5FF11,C1DFD96EEA8CC2B62785275BCA38AC261256E278,3
1C57CD49BAA46E1184B22A0B9AF868908818EA4C,C1DFD96EEA8CC2B62785275BCA38AC261256E278,3
69ABB379F4351E03DD686E189D5BA12DA8AE2BF1,C1DFD96EEA8CC2B62785275BCA38AC261256E278,3
B3CF618EC35FDE46B06F4CBB3A59A362EB4B0A3E,C1DFD96EEA8CC2B62785275BCA38AC261256E278,3
7ED809BB010D2387D81FCE90E945F835541C057C,C1DFD96EEA8CC2B62785275BCA38AC261256E278,3
AAA48AE75B17D3D6AEBF8E2F7ACC67D8395E5A38,C1DFD96EEA8CC2B62785275BCA38AC261256E278,3
B488E4DA1356AEAF5FBCEE2352ED235854E23131,C1DFD96EEA8CC2B62785275BCA38AC261256E278,3
44E925A3F086F96125B486AB8EE76ED5A17E3AAE,C1DFD96EEA8CC2B62785275BCA38AC261256E278,3
15B5368B308B4B53F62EA9B0D6D1E5A397AADA45,C1DFD96EEA8CC2B62785275BCA38AC261256E278,3
BA7D2501270EC6887976A2349FD5D3C89DD30670,C1DFD96EEA8CC2B62785275BCA38AC261256E278,3
AA9C8B3DB47064AE64180E8099E90F611B69DB6F,C1DFD96EEA8CC2B62785275BCA38AC261256E278,3
EB7934D8918B3E4E04A38CDCD7A5B755D70EDBED,C1DFD96EEA8CC2B62785275BCA38AC261256E278,3
2AE3C7B5FE27EA3243876B268B372A6495950ED2,C1DFD96EEA8CC2B62785275BCA38AC261256E278,3
61E5EC8CECD7ACA03FF3C935038DFE2FB22480E5,C1DFD96EEA8CC2B62785275BCA38AC261256E278,3
01127B4A4147E76E8C42CD9D671AF3F6635E4459,C1DFD96EEA8CC2B62785275BCA38AC261256E278,3
6BE76A25295A8AA817980905903682F122C50174,C1DFD96EEA8CC2B62785275BCA38AC261256E278,3
A15444B08C7EE6672FB47C563709960AC7F1018F,C1DFD96EEA8CC2B62785275BCA38AC261256E278,3
500D75EECB36869D2D6AC3AE4AB0A0E7395AABE0,C1DFD96EEA8CC2B62785275BCA38AC261256E278,3
A1065F88A4C5BF43597DEA17C5B837DDFFB8F2F5,C1DFD96EEA8CC2B62785275BCA38AC261256E278,3
3D844EE98982E84B01A01C23E1C9FB7E0A58B487,C1DFD96EEA8CC2B62785275BCA38AC261256E278,3
88F2E2F3698093474BA7E2DEFB0CA719D078ACDA,C1DFD96EEA8CC2B62785275BCA38AC261256E278,3
3910E04C764FA08DE9543E7A9F4EFEB1D4AF0F40,C1DFD96EEA8CC2B62785275BCA38AC261256E278,3
F45BE89484E33BB2DF0EF9B30C8F306A2686A942,C1DFD96EEA8CC2B62785275BCA38AC261256E278,3
9783ED48AC12B54C979DDC736630ED0813F9614F,C1DFD96EEA8CC2B62785275BCA38AC261256E278,3
1CD89BB0833E59DA9ABD3619B93998912AA8E47A,C1DFD96EEA8CC2B62785275BCA38AC261256E278,3
8513476A9CA4723FDCB52DFC8603E4524A159BFE,C1DFD96EEA8CC2B62785275BCA38AC261256E278,3
829A67329705BA524C4C8B3DB2158B928699CAF7,902BA3CDA1883801594B6E1B452790CC53948FDA,6
BE983C40F36CFE0A9DD0625554F95C69A46BF4AF,902BA3CDA1883801594B6E1B452790CC53948FDA,6
4B3B85A130A36C67920E8CFDB6CC43C23FC04680,902BA3CDA1883801594B6E1B452790CC53948FDA,6
68C7DD1A23DAF4E8BB5BF1D36F79E91F49DE4781,902BA3CDA1883801594B6E1B452790CC53948FDA,6
419E1C253FAC572DA7A40700EEABB019F2D19E19,902BA3CDA1883801594B6E1B452790CC53948FDA,6
49BD399BBD52B682EBFAFED305D22C101DCD3531,902BA3CDA1883801594B6E1B452790CC53948FDA,6
E1ECB7B4AFA80F02BB40A2A1331188AB936CF6CD,902BA3CDA1883801594B6E1B452790CC53948FDA,6
730E5357C9AD497121995CAA20427B0EC4DF2C92,902BA3CDA1883801594B6E1B452790CC53948FDA,6
845C6F65F2609706749FB00A13A95A808E5335BC,902BA3CDA1883801594B6E1B452790CC53948FDA,6
5E47890348C4168B35EE4F69C32E034211AA84DE,902BA3CDA1883801594B6E1B452790CC53948FDA,6
891EE3702BAF44663DF0E2C1425A445AB91BBDC9,902BA3CDA1883801594B6E1B452790CC53948FDA,6
57B6240721D363378D2EA14C3257001709B3C974,902BA3CDA1883801594B6E1B452790CC53948FDA,6
966CD8BB4314D45FB8328A441CBCC648A8FEF3E6,902BA3CDA1883801594B6E1B452790CC53948FDA,6
36BAABBA2B2A067191F18584665CBA36DC2874D4,902BA3CDA1883801594B6E1B452790CC53948FDA,6
D56C11DDBD045827E6A58442477F597092162183,902BA3CDA1883801594B6E1B452790CC53948FDA,6
56928D966A18FE0D01911843E64E4E2E2B0F34FC,902BA3CDA1883801594B6E1B452790CC53948FDA,6
A1B4324CFA24DF99079FA8E17E6AAC96A0A24F50,902BA3CDA1883801594B6E1B452790CC53948FDA,6
AE4127C147FEC376217B9444EB2C66A71E026BF5,902BA3CDA1883801594B6E1B452790CC53948FDA,6
9EC4961E56CC401B615D7AFCB820A72C6D05076C,902BA3CDA1883801594B6E1B452790CC53948FDA,6
D6E6DA33CAEF6C71D55D422D73C4EAC555DE3D4F,902BA3CDA1883801594B6E1B452790CC53948FDA,6
6810C9A50B3BCB4521DC68249C625C15EC128E01,902BA3CDA1883801594B6E1B452790CC53948FDA,6
F5DCBA8887536BE616F2AB4729A63568D07AA9A9,902BA3CDA1883801594B6E1B452790CC53948FDA,6
63E137DC80A8247A062C3F480FDB7A2548F618E6,902BA3CDA1883801594B6E1B452790CC53948FDA,6
D4E77870564BD8DC2C6826D8E366E735E69BC57A,902BA3CDA1883801594B6E1B452790CC53948FDA,6
A811C93647534541FEC3E28F7A8599CC299A06DF,902BA3CDA1883801594B6E1B452790CC53948FDA,6
07939C240F71AFAC59A28833E815A722CC4D5BBB,902BA3CDA1883801594B6E1B452790CC53948FDA,6
7CC3BEB232D7DA6C98BD1745B492422E7E36FCD4,902BA3CDA1883801594B6E1B452790CC53948FDA,6
16858A9CDBDA1D0808797F0FD5506C99BE6D020E,902BA3CDA1883801594B6E1B452790CC53948FDA,6
7F2769EC912F0E6213063986ACF9E483E65E11BA,902BA3CDA1883801594B6E1B452790CC53948FDA,6
986CD3B854535074482FC784577C76ACFBF2E54B,902BA3CDA1883801594B6E1B452790CC53948FDA,6
6139F1F734CE4705061AD93A7A3AF6721219BFA6,902BA3CDA1883801594B6E1B452790CC53948FDA,6
1D896BF5FBBE9D83B083797BD4723D34577531B5,902BA3CDA1883801594B6E1B452790CC53948FDA,6
8340B1FE55803C58627CBDEF8FEFB247E673A404,902BA3CDA1883801594B6E1B452790CC53948FDA,6
02988D7139F1F343FA9E383137C2068AE4CD06F8,902BA3CDA1883801594B6E1B452790CC53948FDA,6
A71FF131D30454AFC7C52A1D8DDAB77F7822E464,902BA3CDA1883801594B6E1B452790CC53948FDA,6
9773C9D4644D8420F80D6150A480A27E7EFC6947,902BA3CDA1883801594B6E1B452790CC53948FDA,6
14AB1FDCE534CD26130CEF80023FD06059D05D4D,FE5DBBCEA5CE7E2988B8C69BCFDFDE8904AABC1F,7
2912DCA1F4C5A288E06C53F50C413A9EF5C7323D,FE5DBBCEA5CE7E2988B8C69BCFDFDE8904AABC1F,7
51F6AAB9D99ABCF00078824AD46ED22D4D2D7C17,FE5DBBCEA5CE7E2988B8C69BCFDFDE8904AABC1F,7
335EA936CDB68E23D8467EF2F1F9076B5D3AF06E,FE5DBBCEA5CE7E2988B8C69BCFDFDE8904AABC1F,7
E1D51119A54C9F060D13F35E852388CB049E1A76,FE5DBBCEA5CE7E2988B8C69BCFDFDE8904AABC1F,7
4A39C5AC7B85496278C2A4B826AC7762D0A3CCBD,FE5DBBCEA5CE7E2988B8C69BCFDFDE8904AABC1F,7
96225CC02423AFCF181FDAB80DAFAE4FEBE47676,FE5DBBCEA5CE7E2988B8C69BCFDFDE8904AABC1F,7
2980ECB2658CE4589E338CDEFCA0E24798F51FA0,FE5DBBCEA5CE7E2988B8C69BCFDFDE8904AABC1F,7
174294BF1960A30C0C7F47EC2489E70B357CACDC,FE5DBBCEA5CE7E2988B8C69BCFDFDE8904AABC1F,7
82347245B875F5C6D02F2DD2849A0151C28DCB08,FE5DBBCEA5CE7E2988B8C69BCFDFDE8904AABC1F,7
D72D08BD89DEBC95F3DB455C17C1563188A8BBFA,FE5DBBCEA5CE7E2988B8C69BCFDFDE8904AABC1F,7
ECBFCEEFB967D343150A087C3EFD4986E2E75CFD,FE5DBBCEA5CE7E2988B8C69BCFDFDE8904AABC1F,7
4A37C51BF4D906362098E99B83008334F04235F7,FE5DBBCEA5CE7E2988B8C69BCFDFDE8904AABC1F,7
288C473014BDEE2A2700DDEA7DEE72A3A1BFD29B,FE5DBBCEA5CE7E2988B8C69BCFDFDE8904AABC1F,7
FD865832B738DD736CD7BFE06C3DB3A7B3162A01,FE5DBBCEA5CE7E2988B8C69BCFDFDE8904AABC1F,7
B29AF17729E5E101250976F8DE64B5262C12015D,FE5DBBCEA5CE7E2988B8C69BCFDFDE8904AABC1F,7
001AFC73756BBC35C7281BAB7A55F55CAC573D41,FE5DBBCEA5CE7E2988B8C69BCFDFDE8904AABC1F,7
AF005DCC3BF97976E9392AF488EE6E2817DB9CAC,FE5DBBCEA5CE7E2988B8C69BCFDFDE8904AABC1F,7
AA11B3C6DFCEC65D382DBABDD990ACA13F81DF8E,FE5DBBCEA5CE7E2988B8C69BCFDFDE8904AABC1F,7
89404395754049739DF34ACA5E5F27962A6AAB82,FE5DBBCEA5CE7E2988B8C69BCFDFDE8904AABC1F,7
74973CBD85508E3FC892A93CC1B60A5400B6879E,FE5DBBCEA5CE7E2988B8C69BCFDFDE8904AABC1F,7
5639AB4AB139E99A1940376AD1633A2EF8680257,FE5DBBCEA5CE7E2988B8C69BCFDFDE8904AABC1F,7
608DE35CD9C8C2A1D1715A5698C84DB42F34F0E4,FE5DBBCEA5CE7E2988B8C69BCFDFDE8904AABC1F,7
7E018625BE2C5D3AB9BDE172B1446926829B8EC0,FE5DBBCEA5CE7E2988B8C69BCFDFDE8904AABC1F,7
70C104CBD6C15B59DD352B6CDA659A3E61296447,FE5DBBCEA5CE7E2988B8C69BCFDFDE8904AABC1F,7
67F40435CC412311389346E89EF4826E07C97695,FE5DBBCEA5CE7E2988B8C69BCFDFDE8904AABC1F,7
C389CF2C39FE5E62F5A103F04BE8DB42D4A90088,FE5DBBCEA5CE7E2988B8C69BCFDFDE8904AABC1F,7
D23B172CA56BFC658C8AD6E7278B7738BD7F0D28,FE5DBBCEA5CE7E2988B8C69BCFDFDE8904AABC1F,7
AE4F6D685DF0587D64D33522B53054A9DFDBA273,FE5DBBCEA5CE7E2988B8C69BCFDFDE8904AABC1F,7
D4B20A42F0E8CA5EAC4FFF40A43E3CA3FF6E06C4,FE5DBBCEA5CE7E2988B8C69BCFDFDE8904AABC1F,7
45D10FD798835B9126C8A6EC2F61CA9ACA456125,FE5DBBCEA5CE7E2988B8C69BCFDFDE8904AABC1F,7
684747213C29B6A3F27B5CC551D1A73BF3E3A606,FE5DBBCEA5CE7E2988B8C69BCFDFDE8904AABC1F,7
2744025F24AA225B79CDA0062003123AC51F26A6,FE5DBBCEA5CE7E2988B8C69BCFDFDE8904AABC1F,7
C715EA9B069486112336E978DCEBA40470EAEF35,FE5DBBCEA5CE7E2988B8C69BCFDFDE8904AABC1F,7
E677C13B7B248E96C8976532ADE4868CB610C54B,FE5DBBCEA5CE7E2988B8C69BCFDFDE8904AABC1F,7
4B04D9D8F9C289DAF04E5706C845DE772ED8400F,FE5DBBCEA5CE7E2988B8C69BCFDFDE8904AABC1F,7
DCDB53A6EF7A5BE438AF4B784924EC1C2E4DC97B,0ADE7C2CF97F75D009975F4D720D1FA6C19F4897,7
39EB5E598263FA260B1D61BC3354A64F4AFF705F,0ADE7C2CF97F75D009975F4D720D1FA6C19F4897,7
FEF9947E2E78E0C55E1D40ABF54B785E6E41A33F,0ADE7C2CF97F75D009975F4D720D1FA6C19F4897,7
054EC554E425E212D62993821AE08B70D8BCCD5E,0ADE7C2CF97F75D009975F4D720D1FA6C19F4897,7
27D16A79F487B22524EF2727ADD4FF437F17CC7F,0ADE7C2CF97F75D009975F4D720D1FA6C19F4897,7
908441496A9F22615DF9F48C6E2CE3DF5852C38A,0ADE7C2CF97F75D009975F4D720D1FA6C19F4897,7
F6FEA445710F1A381DB9551C4E71197D2369D2A5,0ADE7C2CF97F75D009975F4D720D1FA6C19F4897,7
238F7D5AF5570B2671593BCBC6A8BDF24A9C3073,0ADE7C2CF97F75D009975F4D720D1FA6C19F4897,7
F1DC98901EBC3C5FB8D0BAC3EE99B4647455BCF0,0ADE7C2CF97F75D009975F4D720D1FA6C19F4897,7
A6CDA3C7C68DFB14CAD10E2292D0846125A23B64,0ADE7C2CF97F75D009975F4D720D1FA6C19F4897,7
714E1CB738C103D4F49CE6B121EB03ED24A2E529,0ADE7C2CF97F75D009975F4D720D1FA6C19F4897,7
E599EEE7A5C48FAEE99E0489A2E77FA7FB900348,0ADE7C2CF97F75D009975F4D720D1FA6C19F4897,7
775E0C286C23FD3482E7D6874CBE8E0557C46286,0ADE7C2CF97F75D009975F4D720D1FA6C19F4897,7
DA15D3747891CB9AE1A20647ECAA512D619CAC92,0ADE7C2CF97F75D009975F4D720D1FA6C19F4897,7
0024E99838461CE55BEF1F11C4C319AFFFCF9E99,0ADE7C2CF97F75D009975F4D720D1FA6C19F4897,7
55DB326D7DC804E338979C45A8115A0FF49D2A68,0ADE7C2CF97F75D009975F4D720D1FA6C19F4897,7
3B71B3C5F3C5C17927810EC67644D07074FE4D38,0ADE7C2CF97F75D009975F4D720D1FA6C19F4897,7
AD73F95FEE9BDF63811B63F9FE676E7775AA1F9E,0ADE7C2CF97F75D009975F4D720D1FA6C19F4897,7
D0BD198677F4EC7E75AB37837CCC542703525839,0ADE7C2CF97F75D009975F4D720D1FA6C19F4897,7
9145991EE4F92845B8A2A67B28D9B925DF9499BD,0ADE7C2CF97F75D009975F4D720D1FA6C19F4897,7
E5DAA52AAF8BA90EF5A2103F33E7C1BC0CB948DF,0ADE7C2CF97F75D009975F4D720D1FA6C19F4897,7
DD408659D74E09696D55D39AD2363F84CE3DD16F,0ADE7C2CF97F75D009975F4D720D1FA6C19F4897,7
31C0F92D76385B536C3F95A88F79A10364332313,0ADE7C2CF97F75D009975F4D720D1FA6C19F4897,7
FCA7903052820442C40600A5635DFBB5A01FEEC7,0ADE7C2CF97F75D009975F4D720D1FA6C19F4897,7
3A0EE598CC9A2D5737F3A1EE57ACEE2A9FEA7A7B,0ADE7C2CF97F75D009975F4D720D1FA6C19F4897,7
5E33AD9BFD16581E584E5E84D06559B79D46713C,0ADE7C2CF97F75D009975F4D720D1FA6C19F4897,7
892910E75F20F97A932B2E316B63DF69B9215999,0ADE7C2CF97F75D009975F4D720D1FA6C19F4897,7
2B6D94AFA1AC428A56A7FD92794D76670F3530DE,0ADE7C2CF97F75D009975F4D720D1FA6C19F4897,7
4FE3F23FC4A59F773EADFFB9C3D8B6B799E485C1,0ADE7C2CF97F75D009975F4D720D1FA6C19F4897,7
31F574BB0B490DDB1B98474A5BFE940AAA3D6421,0ADE7C2CF97F75D009975F4D720D1FA6C19F4897,7
F269D605E726B3BEE85096D64BE427AA9C8D82B2,0ADE7C2CF97F75D009975F4D720D1FA6C19F4897,7
6AF0F1CCC06302D5EE5491546F67B393F94A9DC7,0ADE7C2CF97F75D009975F4D720D1FA6C19F4897,7
5FBCB1E2C62C964505484ADDFF8917E43D0EDE4D,0ADE7C2CF97F75D009975F4D720D1FA6C19F4897,7
8F9B6B0DEA010DBCD7D17F2D11D07D65E9C2A088,0ADE7C2CF97F75D009975F4D720D1FA6C19F4897,7
437E91D3F795D6AE60BB323FA37CDC6CD4C8A117,0ADE7C2CF97F75D009975F4D720D1FA6C19F4897,7
